# Blender 4.4.3
# www.blender.org
mtllib sword.mtl
o sword
v 0.000000 0.063652 -0.027766
v -0.000000 0.166857 -0.000000
v 0.010626 0.063652 -0.025653
v 0.019634 0.063652 -0.019634
v 0.025653 0.063652 -0.010626
v 0.027766 0.063652 0.000000
v 0.025653 0.063652 0.010626
v 0.019634 0.063652 0.019634
v 0.010626 0.063652 0.025653
v 0.000000 0.063652 0.027766
v -0.010626 0.063652 0.025653
v -0.019634 0.063652 0.019634
v -0.025653 0.063652 0.010626
v -0.027766 0.063652 0.000000
v -0.025653 0.063652 -0.010626
v -0.019634 0.063652 -0.019634
v -0.010626 0.063652 -0.025653
v 0.000000 0.147427 -0.045246
v 0.017315 0.147427 -0.041802
v 0.031994 0.147427 -0.031994
v 0.041802 0.147427 -0.017315
v 0.045246 0.147427 0.000000
v 0.041802 0.147427 0.017315
v 0.031994 0.147427 0.031994
v 0.017315 0.147427 0.041802
v 0.000000 0.147427 0.045246
v -0.017315 0.147427 0.041802
v -0.031994 0.147427 0.031994
v -0.041802 0.147427 0.017315
v -0.045246 0.147427 0.000000
v -0.041802 0.147427 -0.017315
v -0.031994 0.147427 -0.031994
v -0.017315 0.147427 -0.041802
v 0.011520 0.085045 -0.027811
v 0.021286 0.085045 -0.021286
v 0.027811 0.085045 -0.011520
v 0.030103 0.085045 0.000000
v 0.027811 0.085045 0.011520
v 0.021286 0.085045 0.021286
v 0.011520 0.085045 0.027811
v 0.000000 0.085045 0.030103
v -0.011520 0.085045 0.027811
v -0.021286 0.085045 0.021286
v -0.027811 0.085045 0.011520
v -0.030103 0.085045 0.000000
v -0.027811 0.085045 -0.011520
v -0.021286 0.085045 -0.021286
v -0.011520 0.085045 -0.027811
v 0.000000 0.085045 -0.030103
v 0.000000 0.138996 -0.045713
v 0.017493 0.138996 -0.042233
v 0.032324 0.138996 -0.032324
v 0.042233 0.138996 -0.017493
v 0.045713 0.138996 0.000000
v 0.042233 0.138996 0.017493
v 0.032324 0.138996 0.032324
v 0.017493 0.138996 0.042233
v 0.000000 0.138996 0.045713
v -0.017493 0.138996 0.042233
v -0.032324 0.138996 0.032324
v -0.042233 0.138996 0.017493
v -0.045713 0.138996 0.000000
v -0.042233 0.138996 -0.017493
v -0.032324 0.138996 -0.032324
v -0.017493 0.138996 -0.042233
v 0.000000 0.163577 -0.024611
v 0.009418 0.163577 -0.022738
v 0.017403 0.163577 -0.017403
v 0.022738 0.163577 -0.009418
v 0.024611 0.163577 0.000000
v 0.022738 0.163577 0.009418
v 0.017403 0.163577 0.017403
v 0.009418 0.163577 0.022738
v 0.000000 0.163577 0.024611
v -0.009418 0.163577 0.022738
v -0.017403 0.163577 0.017403
v -0.022738 0.163577 0.009418
v -0.024611 0.163577 0.000000
v -0.022738 0.163577 -0.009418
v -0.017403 0.163577 -0.017403
v -0.009418 0.163577 -0.022738
v 0.000000 0.118705 -0.038426
v 0.014275 0.156780 -0.034463
v -0.014705 0.118705 -0.035501
v 0.026377 0.156780 -0.026377
v -0.027172 0.118705 -0.027172
v 0.034463 0.156780 -0.014275
v -0.035501 0.118705 -0.014705
v 0.037302 0.156780 0.000000
v -0.038426 0.118705 0.000000
v 0.034463 0.156780 0.014275
v -0.035501 0.118705 0.014705
v 0.026377 0.156780 0.026377
v -0.027172 0.118705 0.027172
v 0.014275 0.156780 0.034463
v -0.014705 0.118705 0.035501
v 0.000000 0.156780 0.037302
v 0.000000 0.118705 0.038426
v -0.014275 0.156780 0.034463
v 0.014705 0.118705 0.035501
v -0.026377 0.156780 0.026377
v 0.027172 0.118705 0.027172
v -0.034463 0.156780 0.014275
v 0.035501 0.118705 0.014705
v -0.037302 0.156780 0.000000
v 0.038426 0.118705 0.000000
v -0.034463 0.156780 -0.014275
v 0.035501 0.118705 -0.014705
v -0.026377 0.156780 -0.026377
v 0.027172 0.118705 -0.027172
v -0.014275 0.156780 -0.034463
v 0.014705 0.118705 -0.035501
v 0.000000 0.156780 -0.037302
v -0.000000 0.057299 -0.030931
v 0.000000 0.060416 -0.034109
v 0.000000 0.069434 -0.030931
v 0.000000 0.066317 -0.034109
v 0.011837 0.057299 -0.028577
v 0.013053 0.060416 -0.031513
v 0.011837 0.069434 -0.028577
v 0.013053 0.066317 -0.031513
v 0.021872 0.057299 -0.021872
v 0.024119 0.060416 -0.024119
v 0.021872 0.069434 -0.021872
v 0.024119 0.066317 -0.024119
v 0.028577 0.057299 -0.011837
v 0.031513 0.060416 -0.013053
v 0.028577 0.069434 -0.011837
v 0.031513 0.066317 -0.013053
v 0.030931 0.057299 -0.000000
v 0.034109 0.060416 0.000000
v 0.030931 0.069434 0.000000
v 0.034109 0.066317 0.000000
v 0.028577 0.057299 0.011837
v 0.031513 0.060416 0.013053
v 0.028577 0.069434 0.011837
v 0.031513 0.066317 0.013053
v 0.021872 0.057299 0.021872
v 0.024119 0.060416 0.024119
v 0.021872 0.069434 0.021872
v 0.024119 0.066317 0.024119
v 0.011837 0.057299 0.028577
v 0.013053 0.060416 0.031513
v 0.011837 0.069434 0.028577
v 0.013053 0.066317 0.031513
v 0.000000 0.057299 0.030931
v 0.000000 0.060416 0.034109
v -0.000000 0.069434 0.030931
v 0.000000 0.066317 0.034109
v -0.011837 0.057299 0.028577
v -0.013053 0.060416 0.031513
v -0.011837 0.069434 0.028577
v -0.013053 0.066317 0.031513
v -0.021872 0.057299 0.021872
v -0.024119 0.060416 0.024119
v -0.021872 0.069434 0.021872
v -0.024119 0.066317 0.024119
v -0.028577 0.057299 0.011837
v -0.031513 0.060416 0.013053
v -0.028577 0.069434 0.011837
v -0.031513 0.066317 0.013053
v -0.030931 0.057299 0.000000
v -0.034109 0.060416 0.000000
v -0.030931 0.069434 -0.000000
v -0.034109 0.066317 0.000000
v -0.028577 0.057299 -0.011837
v -0.031513 0.060416 -0.013053
v -0.028577 0.069434 -0.011837
v -0.031513 0.066317 -0.013053
v -0.021872 0.057299 -0.021872
v -0.024119 0.060416 -0.024119
v -0.021872 0.069434 -0.021872
v -0.024119 0.066317 -0.024119
v -0.011837 0.057299 -0.028577
v -0.013053 0.060416 -0.031513
v -0.011837 0.069434 -0.028577
v -0.013053 0.066317 -0.031513
v 0.007552 0.069434 -0.018231
v 0.000000 0.069434 -0.019733
v -0.007552 0.069434 -0.018231
v -0.013953 0.069434 -0.013953
v -0.018231 0.069434 -0.007552
v -0.019733 0.069434 -0.000000
v -0.018231 0.069434 0.007552
v -0.013953 0.069434 0.013953
v -0.007552 0.069434 0.018231
v -0.000000 0.069434 0.019733
v 0.007552 0.069434 0.018231
v 0.013953 0.069434 0.013953
v 0.018231 0.069434 0.007552
v 0.019733 0.069434 0.000000
v 0.018231 0.069434 -0.007552
v 0.013953 0.069434 -0.013953
v -0.000000 0.057299 -0.019733
v 0.007552 0.057299 -0.018231
v 0.013953 0.057299 -0.013953
v 0.018231 0.057299 -0.007552
v 0.019733 0.057299 -0.000000
v 0.018231 0.057299 0.007552
v 0.013953 0.057299 0.013953
v 0.007552 0.057299 0.018231
v 0.000000 0.057299 0.019733
v -0.007552 0.057299 0.018231
v -0.013953 0.057299 0.013953
v -0.018231 0.057299 0.007552
v -0.019733 0.057299 0.000000
v -0.018231 0.057299 -0.007552
v -0.013953 0.057299 -0.013953
v -0.007552 0.057299 -0.018231
v 0.022729 0.004512 -0.010398
v 0.022069 -0.061450 -0.009245
v 0.022132 -0.129025 -0.009125
v 0.022829 -0.196599 -0.009077
v 0.025302 -0.259050 -0.009030
v 0.022729 0.004512 0.010398
v 0.022069 -0.061450 0.009245
v 0.022132 -0.129025 0.009125
v 0.022829 -0.196599 0.009077
v 0.025302 -0.259050 0.009030
v -0.000000 0.004512 0.020004
v -0.000000 -0.061450 0.018276
v 0.000000 -0.129025 0.018069
v 0.000000 -0.196599 0.017978
v -0.000000 -0.258437 0.017957
v -0.000000 0.004512 -0.020004
v 0.000000 -0.061450 -0.018276
v 0.000000 -0.129025 -0.018069
v -0.000000 -0.196599 -0.017978
v 0.000000 -0.258437 -0.017957
v 0.024028 0.064024 -0.015036
v 0.024028 0.064024 0.015036
v 0.000000 0.064024 0.026972
v 0.000000 0.064024 -0.026972
v 0.036548 -0.307113 -0.012747
v 0.042473 -0.326448 -0.012006
v 0.042473 -0.326451 0.012006
v 0.036548 -0.307128 0.012746
v 0.000000 -0.326025 -0.023520
v -0.000000 -0.304305 0.024920
v 0.000000 -0.326039 0.023519
v 0.000000 -0.304248 -0.024924
v 0.030081 -0.295065 -0.009203
v 0.031736 -0.302062 -0.009707
v 0.030081 -0.295065 0.009203
v 0.031736 -0.302062 0.009707
v -0.000000 -0.292006 0.018528
v 0.000000 -0.298418 0.019437
v -0.000000 -0.292006 -0.018528
v -0.000000 -0.298418 -0.019437
v -0.022729 0.004512 -0.010398
v -0.022069 -0.061450 -0.009245
v -0.022132 -0.129025 -0.009125
v -0.022829 -0.196599 -0.009077
v -0.025302 -0.259050 -0.009030
v -0.022729 0.004512 0.010398
v -0.022069 -0.061450 0.009245
v -0.022132 -0.129025 0.009125
v -0.022829 -0.196599 0.009077
v -0.025302 -0.259050 0.009030
v -0.024028 0.064024 -0.015036
v -0.024028 0.064024 0.015036
v -0.036548 -0.307113 -0.012747
v -0.042473 -0.326448 -0.012006
v -0.042473 -0.326451 0.012006
v -0.036548 -0.307128 0.012746
v -0.030081 -0.295065 -0.009203
v -0.031736 -0.302062 -0.009707
v -0.030081 -0.295065 0.009203
v -0.031736 -0.302062 0.009707
v 0.023331 0.034873 -0.012394
v 0.022302 -0.027864 -0.009483
v 0.022026 -0.095237 -0.009165
v 0.022367 -0.162812 -0.009102
v 0.023690 -0.229746 -0.009041
v 0.023331 0.034873 0.012394
v 0.022302 -0.027864 0.009483
v 0.022026 -0.095237 0.009165
v 0.022367 -0.162812 0.009102
v 0.023690 -0.229746 0.009041
v -0.000000 0.034873 0.023002
v -0.000000 -0.027864 0.018635
v 0.000000 -0.095237 0.018145
v -0.000000 -0.162812 0.018025
v -0.000000 -0.229670 0.017920
v 0.000000 0.034873 -0.023002
v 0.000000 -0.027864 -0.018635
v 0.000000 -0.095237 -0.018145
v 0.000000 -0.162812 -0.018025
v -0.000000 -0.229670 -0.017920
v 0.029098 -0.259203 -0.000000
v 0.026253 -0.196599 0.000000
v 0.025452 -0.129025 -0.000000
v 0.025380 -0.061450 0.000000
v 0.026138 0.004512 0.000000
v 0.014549 -0.258667 -0.015517
v 0.013127 -0.196599 -0.015556
v 0.012726 -0.129025 -0.015636
v 0.012690 -0.061450 -0.015824
v 0.013069 0.004512 -0.017481
v 0.014549 -0.258667 0.015517
v 0.013127 -0.196599 0.015556
v 0.012726 -0.129025 0.015636
v 0.012690 -0.061450 0.015824
v 0.013069 0.004512 0.017481
v 0.013816 0.064024 0.024155
v 0.027632 0.064024 -0.000000
v 0.013816 0.064024 -0.024155
v 0.040446 -0.316724 -0.012774
v 0.048844 -0.326554 -0.000000
v 0.040446 -0.316734 0.012773
v 0.024422 -0.326184 -0.020428
v 0.000000 -0.315143 0.024953
v -0.000000 -0.315102 -0.024956
v 0.024422 -0.326194 0.020427
v 0.021015 -0.305322 -0.021661
v 0.042030 -0.307832 -0.000000
v 0.021015 -0.305363 0.021658
v 0.017297 -0.293153 -0.015946
v 0.018248 -0.299785 -0.016758
v 0.034594 -0.295830 -0.000000
v 0.036497 -0.302973 -0.000000
v 0.017297 -0.293153 0.015946
v 0.018248 -0.299785 0.016758
v 0.000000 -0.299550 -0.023468
v 0.034093 -0.302997 -0.011966
v 0.027777 -0.281206 -0.009082
v 0.027777 -0.281206 0.009082
v -0.000000 -0.279369 -0.018184
v 0.034093 -0.303007 0.011965
v 0.000000 -0.299591 0.023465
v -0.000000 -0.279369 0.018184
v -0.023331 0.034873 -0.012394
v -0.022302 -0.027864 -0.009483
v -0.022026 -0.095237 -0.009165
v -0.022367 -0.162812 -0.009102
v -0.023690 -0.229746 -0.009041
v -0.023331 0.034873 0.012394
v -0.022302 -0.027864 0.009483
v -0.022026 -0.095237 0.009165
v -0.022367 -0.162812 0.009102
v -0.023690 -0.229746 0.009041
v -0.029098 -0.259203 0.000000
v -0.026253 -0.196599 -0.000000
v -0.025452 -0.129025 -0.000000
v -0.025380 -0.061450 0.000000
v -0.026138 0.004512 0.000000
v -0.014549 -0.258667 -0.015517
v -0.013127 -0.196599 -0.015556
v -0.012726 -0.129025 -0.015636
v -0.012690 -0.061450 -0.015824
v -0.013069 0.004512 -0.017481
v -0.014549 -0.258667 0.015517
v -0.013127 -0.196599 0.015556
v -0.012726 -0.129025 0.015636
v -0.012690 -0.061450 0.015824
v -0.013069 0.004512 0.017481
v -0.013816 0.064024 0.024155
v -0.027632 0.064024 -0.000000
v -0.013816 0.064024 -0.024155
v -0.040446 -0.316724 -0.012774
v -0.048844 -0.326554 -0.000000
v -0.040446 -0.316734 0.012773
v -0.024422 -0.326184 -0.020428
v -0.024422 -0.326194 0.020427
v -0.021015 -0.305322 -0.021661
v -0.042030 -0.307832 -0.000000
v -0.021015 -0.305363 0.021658
v -0.017297 -0.293153 -0.015946
v -0.018248 -0.299785 -0.016758
v -0.034594 -0.295830 0.000000
v -0.036497 -0.302973 -0.000000
v -0.017297 -0.293153 0.015946
v -0.018248 -0.299785 0.016758
v -0.034093 -0.302997 -0.011966
v -0.027777 -0.281206 -0.009082
v -0.027777 -0.281206 0.009082
v -0.034093 -0.303007 0.011965
v 0.013622 -0.229698 0.015502
v 0.012861 -0.162812 0.015598
v 0.012665 -0.095237 0.015703
v 0.015972 -0.280058 -0.015678
v 0.027243 -0.229765 0.000000
v 0.025722 -0.162812 -0.000000
v 0.025330 -0.095237 0.000000
v 0.025647 -0.027864 0.000000
v 0.039207 -0.303860 -0.000000
v 0.013622 -0.229698 -0.015502
v 0.012861 -0.162812 -0.015598
v 0.012665 -0.095237 -0.015703
v 0.012824 -0.027864 -0.016168
v 0.012824 -0.027864 0.016168
v 0.013415 0.034873 0.020352
v 0.026830 0.034873 -0.000000
v 0.013415 0.034873 -0.020352
v 0.019604 -0.300872 0.020372
v 0.023256 -0.315710 -0.021695
v 0.046512 -0.317131 -0.000000
v 0.023256 -0.315740 0.021693
v 0.015972 -0.280058 0.015678
v 0.031944 -0.281666 0.000000
v 0.019604 -0.300843 -0.020374
v -0.013622 -0.229698 0.015502
v -0.012861 -0.162812 0.015598
v -0.012665 -0.095237 0.015703
v -0.015972 -0.280058 -0.015678
v -0.027243 -0.229765 -0.000000
v -0.025722 -0.162812 0.000000
v -0.025330 -0.095237 0.000000
v -0.025647 -0.027864 0.000000
v -0.039207 -0.303860 -0.000000
v -0.013622 -0.229698 -0.015502
v -0.012861 -0.162812 -0.015598
v -0.012665 -0.095237 -0.015703
v -0.012824 -0.027864 -0.016168
v -0.012824 -0.027864 0.016168
v -0.013415 0.034873 0.020352
v -0.026830 0.034873 -0.000000
v -0.013415 0.034873 -0.020352
v -0.019604 -0.300872 0.020372
v -0.023256 -0.315710 -0.021695
v -0.046512 -0.317131 -0.000000
v -0.023256 -0.315739 0.021693
v -0.015972 -0.280058 0.015678
v -0.031944 -0.281666 -0.000000
v -0.019604 -0.300843 -0.020374
v 0.051037 -0.369595 0.026339
v 0.046325 -0.350964 0.035246
v 0.045734 -0.345472 0.035401
v 0.044846 -0.321702 0.025475
v 0.045129 -0.318835 0.019640
v 0.045856 -0.318909 0.002357
v 0.047312 -0.319061 -0.019272
v 0.047867 -0.322384 -0.025200
v 0.047469 -0.345434 -0.034980
v 0.048132 -0.350892 -0.035105
v 0.049350 -0.371581 -0.025480
v 0.052888 -0.394523 -0.020718
v 0.055633 -0.399276 -0.017965
v 0.053490 -0.399979 -0.001814
v 0.054007 -0.400347 0.017733
v 0.053451 -0.395167 0.020713
v 0.076209 -0.326720 0.020820
v 0.074345 -0.322690 0.013859
v 0.074330 -0.322325 0.000198
v 0.073813 -0.322610 -0.015934
v 0.073733 -0.325384 -0.020817
v 0.075473 -0.348588 -0.029915
v 0.075657 -0.354910 -0.030621
v 0.078747 -0.370363 -0.022367
v 0.079641 -0.385184 -0.017659
v 0.079621 -0.389625 -0.014707
v 0.077111 -0.390618 -0.000244
v 0.078594 -0.389895 0.014575
v 0.079550 -0.385766 0.017717
v 0.078633 -0.370444 0.022337
v 0.075820 -0.354956 0.030592
v 0.075488 -0.348796 0.030082
v 0.116526 -0.336062 0.015034
v 0.115838 -0.332760 0.010692
v 0.115947 -0.331454 -0.000878
v 0.115801 -0.333200 -0.012572
v 0.115145 -0.336972 -0.015754
v 0.113655 -0.357507 -0.025962
v 0.113328 -0.362870 -0.026526
v 0.112495 -0.372875 -0.021247
v 0.108815 -0.386924 -0.015432
v 0.106344 -0.390305 -0.012296
v 0.105479 -0.391157 0.000038
v 0.106380 -0.391152 0.010154
v 0.107644 -0.386763 0.015551
v 0.110560 -0.374108 0.020647
v 0.111854 -0.363636 0.026323
v 0.112898 -0.358192 0.026407
v 0.167213 -0.394425 -0.017664
v 0.161854 -0.409016 -0.011406
v 0.161060 -0.411593 -0.007463
v 0.161404 -0.412675 0.000411
v 0.162178 -0.412541 0.007247
v 0.163458 -0.409773 0.011337
v 0.169019 -0.396111 0.017153
v 0.172400 -0.386400 0.021255
v 0.174067 -0.381363 0.020133
v 0.179770 -0.365161 0.012067
v 0.181487 -0.359558 0.009356
v 0.181713 -0.357113 -0.000272
v 0.178281 -0.359043 -0.010179
v 0.178094 -0.364651 -0.012274
v 0.172547 -0.380240 -0.020130
v 0.170645 -0.385595 -0.021388
v 0.210021 -0.423773 -0.012892
v 0.201739 -0.435605 -0.009518
v 0.196404 -0.436353 -0.005701
v 0.195597 -0.436554 0.000870
v 0.195789 -0.435808 0.005908
v 0.197393 -0.432491 0.009636
v 0.210403 -0.423627 0.013003
v 0.210752 -0.412024 0.016328
v 0.212275 -0.404872 0.016197
v 0.220350 -0.388374 0.010506
v 0.222611 -0.384673 0.007815
v 0.223955 -0.381907 -0.001008
v 0.221296 -0.385583 -0.009782
v 0.219306 -0.390768 -0.011219
v 0.212358 -0.405029 -0.016196
v 0.211523 -0.411855 -0.016217
v 0.137756 -0.382470 -0.019221
v 0.134699 -0.395911 -0.013141
v 0.132702 -0.398846 -0.007755
v 0.132538 -0.398902 0.000289
v 0.133214 -0.398763 0.008562
v 0.134642 -0.395723 0.013154
v 0.138722 -0.383465 0.018887
v 0.141452 -0.372841 0.024065
v 0.143471 -0.367591 0.023215
v 0.149122 -0.350450 0.013362
v 0.150203 -0.345969 0.010892
v 0.150965 -0.343664 -0.000433
v 0.150024 -0.346398 -0.011369
v 0.147918 -0.350757 -0.013803
v 0.142575 -0.367609 -0.023525
v 0.140943 -0.372999 -0.023888
v 0.026446 -0.343564 0.038395
v 0.024790 -0.320618 0.028844
v 0.023895 -0.317123 0.023517
v 0.023356 -0.317091 0.002036
v 0.023278 -0.317089 -0.023829
v 0.022785 -0.320451 -0.029114
v 0.026613 -0.344623 -0.038803
v 0.027489 -0.350485 -0.038183
v 0.027977 -0.375805 -0.028820
v 0.034496 -0.412061 -0.023784
v 0.035523 -0.419919 -0.020591
v 0.035005 -0.415536 -0.001366
v 0.036118 -0.418823 0.020231
v 0.034505 -0.411673 0.023732
v 0.029813 -0.368959 0.030139
v 0.026437 -0.349487 0.039055
v 0.000000 -0.343644 0.040335
v 0.000000 -0.319601 0.030854
v 0.000000 -0.316400 0.026320
v 0.000000 -0.316396 0.000893
v 0.225092 -0.403784 0.008181
v 0.000000 -0.319569 -0.030841
v 0.000000 -0.343993 -0.040455
v 0.000000 -0.349615 -0.040601
v 0.000000 -0.382772 -0.030869
v 0.015314 -0.439810 -0.027019
v 0.014756 -0.448214 -0.022853
v 0.013285 -0.441470 -0.001322
v 0.014835 -0.448915 0.021390
v 0.013889 -0.440947 0.027207
v 0.000000 -0.460855 -0.028888
v 0.000000 -0.349068 0.040858
v 0.000000 -0.316406 -0.026579
v 0.000000 -0.465586 0.024674
v 0.000000 -0.454739 -0.002263
v 0.000000 -0.465582 -0.024580
v 0.000000 -0.461999 0.028962
v 0.000000 -0.368295 0.033307
v 0.228172 -0.402854 -0.000745
v 0.225341 -0.402810 -0.007910
v 0.223283 -0.416859 0.008076
v 0.225077 -0.416354 -0.001098
v 0.222936 -0.416767 -0.008266
v 0.217850 -0.427849 0.008830
v 0.219629 -0.429839 -0.000912
v 0.217468 -0.428506 -0.008798
v 0.207193 -0.444728 0.000308
v 0.205043 -0.373302 0.009486
v 0.206352 -0.370155 -0.000858
v 0.202758 -0.374129 -0.010012
v 0.201654 -0.379437 -0.011819
v 0.195953 -0.393156 -0.017523
v 0.193459 -0.398260 -0.019105
v 0.188956 -0.408374 -0.015379
v 0.182572 -0.422399 -0.010170
v 0.181556 -0.425124 -0.005922
v 0.181357 -0.425570 0.000668
v 0.181648 -0.425376 0.006166
v 0.182783 -0.422667 0.010268
v 0.191961 -0.409779 0.015354
v 0.194918 -0.399586 0.018968
v 0.196128 -0.393997 0.017798
v 0.203058 -0.378204 0.011108
v 0.208398 -0.439958 -0.008277
v 0.214732 -0.438130 -0.000436
v 0.209881 -0.440004 0.007414
v 0.223352 -0.390526 -0.009179
v 0.226941 -0.390108 -0.001022
v 0.224107 -0.389059 0.008009
v 0.207632 -0.443271 0.004990
v 0.207979 -0.443834 -0.004171
v 0.005803 -0.452117 -0.028469
v 0.006152 -0.459994 -0.023980
v 0.005822 -0.450927 -0.001846
v 0.005823 -0.460872 0.022322
v 0.004903 -0.454318 0.028499
v -0.051037 -0.369595 0.026339
v -0.046325 -0.350964 0.035246
v -0.045734 -0.345472 0.035401
v -0.044846 -0.321702 0.025475
v -0.045129 -0.318835 0.019640
v -0.045856 -0.318909 0.002357
v -0.047312 -0.319061 -0.019272
v -0.047867 -0.322384 -0.025200
v -0.047469 -0.345434 -0.034980
v -0.048132 -0.350892 -0.035105
v -0.049350 -0.371581 -0.025480
v -0.052888 -0.394523 -0.020718
v -0.055633 -0.399276 -0.017965
v -0.053490 -0.399979 -0.001814
v -0.054007 -0.400347 0.017733
v -0.053451 -0.395167 0.020713
v -0.076209 -0.326720 0.020820
v -0.074345 -0.322690 0.013859
v -0.074330 -0.322325 0.000198
v -0.073813 -0.322610 -0.015934
v -0.073733 -0.325384 -0.020817
v -0.075473 -0.348588 -0.029915
v -0.075657 -0.354910 -0.030621
v -0.078747 -0.370363 -0.022367
v -0.079641 -0.385184 -0.017659
v -0.079621 -0.389625 -0.014707
v -0.077111 -0.390618 -0.000244
v -0.078594 -0.389895 0.014575
v -0.079550 -0.385766 0.017717
v -0.078633 -0.370444 0.022337
v -0.075820 -0.354956 0.030592
v -0.075488 -0.348796 0.030082
v -0.116526 -0.336062 0.015034
v -0.115838 -0.332760 0.010692
v -0.115947 -0.331454 -0.000878
v -0.115801 -0.333200 -0.012572
v -0.115145 -0.336972 -0.015754
v -0.113655 -0.357507 -0.025962
v -0.113328 -0.362870 -0.026526
v -0.112495 -0.372875 -0.021247
v -0.108815 -0.386924 -0.015432
v -0.106344 -0.390305 -0.012296
v -0.105479 -0.391157 0.000038
v -0.106380 -0.391152 0.010154
v -0.107644 -0.386763 0.015551
v -0.110560 -0.374108 0.020647
v -0.111854 -0.363636 0.026323
v -0.112898 -0.358192 0.026407
v -0.167213 -0.394425 -0.017664
v -0.161854 -0.409016 -0.011406
v -0.161060 -0.411593 -0.007463
v -0.161404 -0.412675 0.000411
v -0.162178 -0.412541 0.007247
v -0.163458 -0.409773 0.011337
v -0.169019 -0.396111 0.017153
v -0.172400 -0.386400 0.021255
v -0.174067 -0.381363 0.020133
v -0.179770 -0.365161 0.012067
v -0.181487 -0.359558 0.009356
v -0.181713 -0.357113 -0.000272
v -0.178281 -0.359043 -0.010179
v -0.178094 -0.364651 -0.012274
v -0.172547 -0.380240 -0.020130
v -0.170645 -0.385595 -0.021388
v -0.210021 -0.423773 -0.012892
v -0.201739 -0.435605 -0.009518
v -0.196404 -0.436353 -0.005701
v -0.195597 -0.436554 0.000870
v -0.195789 -0.435808 0.005908
v -0.197393 -0.432491 0.009636
v -0.210403 -0.423627 0.013003
v -0.210752 -0.412024 0.016328
v -0.212275 -0.404872 0.016197
v -0.220350 -0.388374 0.010506
v -0.222611 -0.384673 0.007815
v -0.223955 -0.381907 -0.001008
v -0.221296 -0.385583 -0.009782
v -0.219306 -0.390768 -0.011219
v -0.212358 -0.405029 -0.016196
v -0.211523 -0.411855 -0.016217
v -0.137756 -0.382470 -0.019221
v -0.134699 -0.395911 -0.013141
v -0.132702 -0.398846 -0.007755
v -0.132538 -0.398902 0.000289
v -0.133214 -0.398763 0.008562
v -0.134642 -0.395723 0.013154
v -0.138722 -0.383465 0.018887
v -0.141452 -0.372841 0.024065
v -0.143471 -0.367591 0.023215
v -0.149122 -0.350450 0.013362
v -0.150203 -0.345969 0.010892
v -0.150965 -0.343664 -0.000433
v -0.150024 -0.346398 -0.011369
v -0.147918 -0.350757 -0.013803
v -0.142575 -0.367609 -0.023525
v -0.140943 -0.372999 -0.023888
v -0.026446 -0.343564 0.038395
v -0.024790 -0.320618 0.028844
v -0.023895 -0.317123 0.023517
v -0.023356 -0.317091 0.002036
v -0.023278 -0.317089 -0.023829
v -0.022785 -0.320451 -0.029114
v -0.026613 -0.344623 -0.038803
v -0.027489 -0.350485 -0.038183
v -0.027977 -0.375805 -0.028820
v -0.034496 -0.412061 -0.023784
v -0.035523 -0.419919 -0.020591
v -0.035005 -0.415536 -0.001366
v -0.036118 -0.418823 0.020231
v -0.034505 -0.411673 0.023732
v -0.029813 -0.368959 0.030139
v -0.026437 -0.349487 0.039055
v -0.225092 -0.403784 0.008181
v -0.015314 -0.439810 -0.027019
v -0.014756 -0.448214 -0.022853
v -0.013285 -0.441470 -0.001322
v -0.014835 -0.448915 0.021390
v -0.013889 -0.440947 0.027207
v -0.228172 -0.402854 -0.000745
v -0.225341 -0.402810 -0.007910
v -0.223283 -0.416859 0.008076
v -0.225077 -0.416354 -0.001098
v -0.222936 -0.416767 -0.008266
v -0.217850 -0.427849 0.008830
v -0.219629 -0.429839 -0.000912
v -0.217468 -0.428506 -0.008798
v -0.207193 -0.444728 0.000308
v -0.205043 -0.373302 0.009486
v -0.206352 -0.370155 -0.000858
v -0.202758 -0.374129 -0.010012
v -0.201654 -0.379437 -0.011819
v -0.195953 -0.393156 -0.017523
v -0.193459 -0.398260 -0.019105
v -0.188956 -0.408374 -0.015379
v -0.182572 -0.422399 -0.010170
v -0.181556 -0.425124 -0.005922
v -0.181357 -0.425570 0.000668
v -0.181648 -0.425376 0.006166
v -0.182783 -0.422667 0.010268
v -0.191961 -0.409779 0.015354
v -0.194918 -0.399586 0.018968
v -0.196128 -0.393997 0.017798
v -0.203058 -0.378204 0.011108
v -0.208398 -0.439958 -0.008277
v -0.214732 -0.438130 -0.000436
v -0.209881 -0.440004 0.007414
v -0.223352 -0.390526 -0.009179
v -0.226941 -0.390108 -0.001022
v -0.224107 -0.389059 0.008009
v -0.207632 -0.443271 0.004990
v -0.207979 -0.443834 -0.004171
v -0.005803 -0.452117 -0.028469
v -0.006152 -0.459994 -0.023980
v -0.005822 -0.450927 -0.001846
v -0.005823 -0.460872 0.022322
v -0.004903 -0.454318 0.028499
v 0.012276 -1.820477 0.000000
v 0.064273 -0.373666 0.000000
v 0.046709 -1.535572 0.000000
v 0.038829 -1.682465 0.000000
v 0.024416 -0.373696 0.021091
v 0.012758 -1.687279 0.007511
v 0.014568 -1.535547 0.010245
v 0.000000 -0.373720 0.019028
v 0.000000 -1.688315 0.004524
v 0.000000 -1.535530 0.005535
v 0.000000 -1.846033 0.000000
v 0.000000 -1.820098 0.002340
v 0.044344 -0.373681 0.010546
v 0.024433 -1.684872 0.003755
v 0.030638 -1.535560 0.005122
v 0.007602 -1.819861 0.001408
v 0.054854 -0.966538 0.000000
v 0.000000 -0.966538 0.012941
v 0.019954 -0.966538 0.017500
v 0.037404 -0.966538 0.008750
v 0.021185 -0.821306 0.018163
v 0.057050 -0.821300 0.000000
v 0.000000 -0.821312 0.013934
v 0.039117 -0.821303 0.009081
v 0.059113 -0.693405 0.000000
v 0.000000 -0.693429 0.015390
v 0.022108 -0.693418 0.019000
v 0.040611 -0.693411 0.009500
v 0.023031 -0.565529 0.019836
v 0.061177 -0.565509 0.000000
v 0.000000 -0.565545 0.016845
v 0.042104 -0.565519 0.009918
v 0.063241 -0.437614 0.000000
v 0.000000 -0.437662 0.018300
v 0.023954 -0.437640 0.020673
v 0.043597 -0.437627 0.010336
v 0.018415 -1.129112 0.017011
v 0.052527 -1.129119 0.000000
v 0.000000 -1.129107 0.012409
v 0.035471 -1.129116 0.008505
v 0.050200 -1.291701 0.000000
v 0.000000 -1.291676 0.010491
v 0.016876 -1.291686 0.015136
v 0.033538 -1.291693 0.007568
v 0.015337 -1.454260 0.011875
v 0.047873 -1.454282 0.000000
v 0.000000 -1.454245 0.007187
v 0.031605 -1.454271 0.005938
v 0.044129 -1.609019 0.000000
v 0.013663 -1.611413 0.008878
v 0.000000 -1.612192 0.005028
v 0.028896 -1.610216 0.004439
v 0.027541 -1.753210 0.000000
v 0.007889 -1.748808 0.005309
v 0.017715 -1.751009 0.002655
v -0.012276 -1.820477 0.000000
v -0.064273 -0.373666 0.000000
v -0.046709 -1.535572 0.000000
v -0.038829 -1.682465 0.000000
v -0.024416 -0.373696 0.021091
v -0.012758 -1.687279 0.007511
v -0.014568 -1.535547 0.010245
v -0.044344 -0.373681 0.010546
v -0.024433 -1.684872 0.003755
v -0.030638 -1.535560 0.005122
v -0.007602 -1.819861 0.001408
v -0.054854 -0.966538 0.000000
v -0.019954 -0.966538 0.017500
v -0.037404 -0.966538 0.008750
v -0.021185 -0.821306 0.018163
v -0.057050 -0.821300 0.000000
v -0.039117 -0.821303 0.009081
v -0.059113 -0.693405 0.000000
v -0.022108 -0.693418 0.019000
v -0.040611 -0.693411 0.009500
v -0.023031 -0.565529 0.019836
v -0.061177 -0.565509 0.000000
v -0.042104 -0.565519 0.009918
v -0.063241 -0.437614 0.000000
v -0.023954 -0.437640 0.020673
v -0.043597 -0.437627 0.010336
v -0.018415 -1.129112 0.017011
v -0.052527 -1.129119 0.000000
v -0.035471 -1.129116 0.008505
v -0.050200 -1.291701 0.000000
v -0.016876 -1.291686 0.015136
v -0.033538 -1.291693 0.007568
v -0.015337 -1.454260 0.011875
v -0.047873 -1.454282 0.000000
v -0.031605 -1.454271 0.005938
v -0.044129 -1.609019 0.000000
v -0.013663 -1.611413 0.008878
v -0.028896 -1.610216 0.004439
v -0.027541 -1.753210 0.000000
v -0.007889 -1.748808 0.005309
v -0.017715 -1.751009 0.002655
v 0.024416 -0.373696 -0.021091
v 0.012758 -1.687279 -0.007511
v 0.014568 -1.535547 -0.010245
v 0.000000 -1.820098 -0.002340
v 0.000000 -0.373720 -0.019028
v 0.000000 -1.688315 -0.004524
v 0.000000 -1.535530 -0.005535
v 0.044344 -0.373681 -0.010546
v 0.024433 -1.684872 -0.003755
v 0.030638 -1.535560 -0.005122
v 0.007602 -1.819861 -0.001408
v 0.000000 -0.966538 -0.012941
v 0.019954 -0.966538 -0.017500
v 0.037404 -0.966538 -0.008750
v 0.021185 -0.821306 -0.018163
v 0.000000 -0.821312 -0.013934
v 0.039117 -0.821303 -0.009081
v 0.000000 -0.693429 -0.015390
v 0.022108 -0.693418 -0.019000
v 0.040611 -0.693411 -0.009500
v 0.023031 -0.565529 -0.019836
v 0.000000 -0.565545 -0.016845
v 0.042104 -0.565519 -0.009918
v 0.000000 -0.437662 -0.018300
v 0.023954 -0.437640 -0.020673
v 0.043597 -0.437627 -0.010336
v 0.018415 -1.129112 -0.017011
v 0.000000 -1.129107 -0.012409
v 0.035471 -1.129116 -0.008505
v 0.000000 -1.291676 -0.010491
v 0.016876 -1.291686 -0.015136
v 0.033538 -1.291693 -0.007568
v 0.015337 -1.454260 -0.011875
v 0.000000 -1.454245 -0.007187
v 0.031605 -1.454271 -0.005938
v 0.013663 -1.611413 -0.008878
v 0.000000 -1.612192 -0.005028
v 0.028896 -1.610216 -0.004439
v 0.007889 -1.748808 -0.005309
v 0.017715 -1.751009 -0.002655
v -0.024416 -0.373696 -0.021091
v -0.012758 -1.687279 -0.007511
v -0.014568 -1.535547 -0.010245
v -0.044344 -0.373681 -0.010546
v -0.024433 -1.684872 -0.003755
v -0.030638 -1.535560 -0.005122
v -0.007602 -1.819861 -0.001408
v -0.019954 -0.966538 -0.017500
v -0.037404 -0.966538 -0.008750
v -0.021185 -0.821306 -0.018163
v -0.039117 -0.821303 -0.009081
v -0.022108 -0.693418 -0.019000
v -0.040611 -0.693411 -0.009500
v -0.023031 -0.565529 -0.019836
v -0.042104 -0.565519 -0.009918
v -0.023954 -0.437640 -0.020673
v -0.043597 -0.437627 -0.010336
v -0.018415 -1.129112 -0.017011
v -0.035471 -1.129116 -0.008505
v -0.016876 -1.291686 -0.015136
v -0.033538 -1.291693 -0.007568
v -0.015337 -1.454260 -0.011875
v -0.031605 -1.454271 -0.005938
v -0.013663 -1.611413 -0.008878
v -0.028896 -1.610216 -0.004439
v -0.007889 -1.748808 -0.005309
v -0.017715 -1.751009 -0.002655
v 0.000000 -1.748745 -0.003537
v 0.000000 -1.748745 0.003537
v 0.000000 -1.833666 0.001116
v 0.000000 -1.833666 -0.001116
v -0.007070 -1.833666 0.000000
v -0.004174 -1.833666 0.000665
v 0.004174 -1.833666 -0.000665
v 0.004174 -1.833666 0.000665
v -0.004174 -1.833666 -0.000665
v 0.007070 -1.833666 0.000000
v 0.005235 -1.783913 0.004053
v 0.020437 -1.786844 0.000000
v 0.013341 -1.784078 0.002104
v -0.005235 -1.783913 0.004053
v -0.020437 -1.786844 0.000000
v -0.013341 -1.784078 0.002104
v 0.005235 -1.783913 -0.004053
v 0.013341 -1.784078 -0.002104
v -0.005235 -1.783913 -0.004053
v -0.013341 -1.784078 -0.002104
v 0.000000 -1.783831 -0.002948
v 0.000000 -1.783831 0.002948
vn -0.0000 1.0000 -0.0000
vn 0.2312 0.9450 -0.2312
vn 0.1251 0.9450 -0.3021
vn 0.3021 0.9450 -0.1251
vn 0.3270 0.9450 -0.0000
vn 0.3021 0.9450 0.1251
vn 0.2312 0.9450 0.2312
vn 0.1251 0.9450 0.3021
vn -0.0000 0.9450 0.3270
vn -0.1251 0.9450 0.3021
vn -0.2312 0.9450 0.2312
vn -0.3021 0.9450 0.1251
vn -0.3270 0.9450 -0.0000
vn -0.3021 0.9450 -0.1251
vn -0.2312 0.9450 -0.2312
vn -0.1251 0.9450 -0.3021
vn -0.0000 0.9450 -0.3270
vn 0.2456 0.7668 -0.5930
vn -0.0000 0.7668 -0.6418
vn 0.3767 -0.1761 -0.9094
vn 0.7029 -0.1086 -0.7029
vn 0.3804 -0.1086 -0.9184
vn -0.3789 -0.1408 -0.9147
vn -0.0000 0.3577 -0.9338
vn -0.0000 -0.1408 -0.9900
vn -0.6603 0.3577 -0.6603
vn -0.7001 -0.1408 -0.7001
vn -0.8628 0.3577 -0.3574
vn -0.9147 -0.1408 -0.3789
vn -0.9338 0.3577 -0.0000
vn -0.9900 -0.1408 -0.0000
vn -0.9147 -0.1408 0.3789
vn -0.6603 0.3577 0.6603
vn -0.7001 -0.1408 0.7001
vn -0.3574 0.3577 0.8628
vn -0.3789 -0.1408 0.9147
vn -0.0000 0.3577 0.9338
vn -0.0000 -0.1408 0.9900
vn 0.3789 -0.1408 0.9147
vn 0.6603 0.3577 0.6603
vn 0.7001 -0.1408 0.7001
vn 0.8628 0.3577 0.3574
vn 0.9147 -0.1408 0.3789
vn 0.9338 0.3577 -0.0000
vn 0.9900 -0.1408 -0.0000
vn 0.9147 -0.1408 -0.3789
vn 0.6603 0.3577 -0.6603
vn 0.7001 -0.1408 -0.7001
vn 0.3574 0.3577 -0.8628
vn 0.3789 -0.1408 -0.9147
vn 0.9094 -0.1761 -0.3767
vn 0.6961 -0.1761 -0.6961
vn 0.9941 -0.1086 -0.0000
vn 0.9184 -0.1086 -0.3804
vn 0.9094 -0.1761 0.3767
vn 0.9844 -0.1761 -0.0000
vn 0.7029 -0.1086 0.7029
vn 0.9184 -0.1086 0.3804
vn 0.3767 -0.1761 0.9094
vn 0.6961 -0.1761 0.6961
vn -0.0000 -0.1086 0.9941
vn 0.3804 -0.1086 0.9184
vn -0.3767 -0.1761 0.9094
vn -0.0000 -0.1761 0.9844
vn -0.7029 -0.1086 0.7029
vn -0.3804 -0.1086 0.9184
vn -0.9094 -0.1761 0.3767
vn -0.6961 -0.1761 0.6961
vn -0.9941 -0.1086 -0.0000
vn -0.9184 -0.1086 0.3804
vn -0.9094 -0.1761 -0.3767
vn -0.9844 -0.1761 -0.0000
vn -0.7029 -0.1086 -0.7029
vn -0.9184 -0.1086 -0.3804
vn -0.3767 -0.1761 -0.9094
vn -0.6961 -0.1761 -0.6961
vn -0.0000 -0.1086 -0.9941
vn -0.3804 -0.1086 -0.9184
vn 0.3661 -0.2912 -0.8839
vn 0.8839 -0.2912 -0.3661
vn 0.6765 -0.2912 -0.6765
vn 0.8839 -0.2912 0.3661
vn 0.9567 -0.2912 -0.0000
vn 0.3661 -0.2912 0.8839
vn 0.6765 -0.2912 0.6765
vn -0.3661 -0.2912 0.8839
vn -0.0000 -0.2912 0.9567
vn -0.8839 -0.2912 0.3661
vn -0.6765 -0.2912 0.6765
vn -0.8839 -0.2912 -0.3661
vn -0.9567 -0.2912 -0.0000
vn -0.3661 -0.2912 -0.8839
vn -0.6765 -0.2912 -0.6765
vn -0.0000 -0.1761 -0.9844
vn -0.0000 -0.2912 -0.9567
vn -0.2456 0.7668 -0.5930
vn -0.4539 0.7668 -0.4539
vn -0.5930 0.7668 -0.2456
vn -0.6418 0.7668 -0.0000
vn -0.5930 0.7668 0.2456
vn -0.4539 0.7668 0.4539
vn -0.2456 0.7668 0.5930
vn -0.0000 0.7668 0.6418
vn 0.2456 0.7668 0.5930
vn 0.4539 0.7668 0.4539
vn 0.5930 0.7668 0.2456
vn 0.6418 0.7668 -0.0000
vn 0.5930 0.7668 -0.2456
vn 0.4539 0.7668 -0.4539
vn 0.8628 0.3577 -0.3574
vn 0.3574 0.3577 0.8628
vn -0.8628 0.3577 0.3574
vn -0.3574 0.3577 -0.8628
vn -0.3554 0.3710 -0.8580
vn -0.0000 -0.3710 -0.9286
vn -0.3554 -0.3710 -0.8580
vn 0.6566 0.3710 -0.6567
vn 0.8580 -0.3710 -0.3554
vn 0.6567 -0.3710 -0.6566
vn 0.8580 0.3710 -0.3554
vn 0.9286 -0.3710 -0.0000
vn 0.9286 0.3710 -0.0000
vn 0.8580 -0.3710 0.3554
vn 0.8580 0.3710 0.3554
vn 0.6567 -0.3710 0.6567
vn 0.6567 0.3710 0.6567
vn 0.3554 -0.3710 0.8580
vn 0.3554 0.3710 0.8580
vn -0.0000 -0.3710 0.9286
vn -0.0000 0.3710 0.9286
vn -0.3554 -0.3710 0.8580
vn -0.3554 0.3710 0.8580
vn -0.6567 -0.3710 0.6566
vn -0.6566 0.3710 0.6567
vn -0.8580 -0.3710 0.3554
vn -0.8580 0.3710 0.3554
vn -0.9286 -0.3710 -0.0000
vn -0.9286 0.3710 -0.0000
vn -0.8580 -0.3710 -0.3554
vn -0.8580 0.3710 -0.3554
vn -0.6567 -0.3710 -0.6567
vn -0.6567 0.3710 -0.6567
vn 0.3554 0.3710 -0.8580
vn 0.3554 -0.3710 -0.8580
vn 0.1597 -0.9088 -0.3855
vn -0.0000 -0.9088 -0.4172
vn -0.0000 0.3710 -0.9286
vn 0.1597 0.9088 -0.3855
vn 0.2950 0.9088 -0.2950
vn 0.3855 -0.9088 -0.1597
vn 0.2950 -0.9088 -0.2950
vn 0.3855 0.9088 -0.1597
vn 0.4172 0.9088 -0.0000
vn 0.3855 -0.9088 0.1597
vn 0.4172 -0.9088 -0.0000
vn 0.3855 0.9088 0.1597
vn 0.2950 0.9088 0.2950
vn 0.1597 -0.9088 0.3855
vn 0.2950 -0.9088 0.2950
vn 0.1597 0.9088 0.3855
vn -0.0000 0.9088 0.4172
vn -0.1597 -0.9088 0.3855
vn -0.0000 -0.9088 0.4172
vn -0.1597 0.9088 0.3855
vn -0.2950 0.9088 0.2950
vn -0.3855 -0.9088 0.1597
vn -0.2950 -0.9088 0.2950
vn -0.3855 0.9088 0.1597
vn -0.4172 0.9088 -0.0000
vn -0.3855 -0.9088 -0.1597
vn -0.4172 -0.9088 -0.0000
vn -0.3855 0.9088 -0.1597
vn -0.2950 0.9088 -0.2950
vn -0.1597 -0.9088 -0.3855
vn -0.2950 -0.9088 -0.2950
vn -0.1597 0.9088 -0.3855
vn -0.0000 0.9088 -0.4172
vn -0.0000 -1.0000 -0.0000
vn 0.7707 0.0293 0.6365
vn 0.3464 0.0217 0.9378
vn 0.7522 0.0615 0.6561
vn 0.7820 0.0140 0.6231
vn 0.3639 0.0084 0.9314
vn 0.3759 0.0031 0.9267
vn -0.0000 0.0008 1.0000
vn -0.0000 0.0077 1.0000
vn 0.7881 0.0072 0.6155
vn 0.7915 0.0032 0.6111
vn 0.3828 0.0013 0.9238
vn 0.3868 -0.0002 0.9222
vn -0.0000 -0.0010 1.0000
vn 0.7938 -0.0005 0.6082
vn 0.7953 -0.0060 0.6062
vn 0.3894 -0.0023 0.9211
vn 0.3907 -0.0071 0.9205
vn -0.0000 -0.0030 1.0000
vn -0.0000 -0.0015 1.0000
vn -0.0000 0.0839 -0.9965
vn 0.3290 0.0427 -0.9434
vn 0.3221 0.1085 -0.9405
vn -0.0000 0.0211 -0.9998
vn 0.3464 0.0217 -0.9378
vn 0.7522 0.0615 -0.6561
vn 0.7311 0.1050 -0.6742
vn 0.7179 0.1764 -0.6734
vn 0.9991 0.0433 -0.0000
vn 0.9959 0.0901 -0.0000
vn 0.7707 0.0293 -0.6365
vn 0.9998 0.0210 -0.0000
vn 0.7820 0.0140 -0.6231
vn 0.9999 0.0109 -0.0000
vn 0.7881 0.0072 -0.6155
vn 1.0000 0.0053 -0.0000
vn 0.7915 0.0032 -0.6111
vn 1.0000 0.0007 -0.0000
vn 0.7938 -0.0005 -0.6082
vn 1.0000 -0.0050 -0.0000
vn 0.7953 -0.0060 -0.6062
vn 0.9999 -0.0122 -0.0000
vn 0.7987 -0.0173 -0.6015
vn 0.9998 -0.0219 -0.0000
vn 0.7987 -0.0173 0.6015
vn 0.6488 0.7610 0.0003
vn 0.6907 0.3787 0.6160
vn 0.8743 0.4853 0.0002
vn 0.6910 0.3788 -0.6157
vn 0.5227 0.7428 -0.4183
vn -0.0000 0.0077 -1.0000
vn 0.3639 0.0084 -0.9314
vn -0.0000 0.0008 -1.0000
vn 0.3759 0.0031 -0.9267
vn -0.0000 -0.0010 -1.0000
vn 0.3828 0.0013 -0.9238
vn 0.3868 -0.0002 -0.9222
vn -0.0000 -0.0015 -1.0000
vn 0.3894 -0.0023 -0.9211
vn -0.0000 -0.0030 -1.0000
vn 0.3907 -0.0071 -0.9205
vn -0.0000 -0.0074 -1.0000
vn 0.3928 -0.0242 -0.9193
vn -0.0000 -0.0264 -0.9997
vn 0.4032 -0.0621 -0.9130
vn 0.8115 -0.0385 -0.5831
vn 0.8115 -0.0385 0.5831
vn 0.3928 -0.0242 0.9193
vn 0.4032 -0.0621 0.9130
vn -0.0000 -0.0264 0.9997
vn -0.0000 -0.0074 1.0000
vn 0.8338 -0.0605 0.5487
vn 0.8460 -0.0773 0.5275
vn 0.4241 -0.1023 0.8998
vn 0.4377 -0.1233 0.8906
vn -0.0000 -0.1158 0.9933
vn -0.0000 -0.0698 0.9976
vn 0.9995 -0.0312 -0.0000
vn 0.8338 -0.0605 -0.5487
vn 0.9992 -0.0408 -0.0000
vn -0.0000 -0.0698 -0.9976
vn 0.4241 -0.1023 -0.8998
vn -0.0000 -0.1158 -0.9933
vn 0.4377 -0.1233 -0.8906
vn 0.8460 -0.0773 -0.5275
vn 0.2808 0.7137 0.6418
vn -0.0000 0.1551 0.9879
vn 0.3366 0.2154 0.9167
vn 0.5231 0.7419 0.4195
vn -0.0000 -0.1239 -0.9923
vn 0.3147 0.0034 -0.9492
vn 0.3055 -0.0682 -0.9498
vn -0.0000 -0.0579 -0.9983
vn 0.3368 0.2159 -0.9165
vn 0.7096 0.1879 -0.6791
vn 0.7257 0.1135 -0.6786
vn 0.9493 0.3143 0.0001
vn 0.9707 0.2401 0.0001
vn 0.7094 0.1880 0.6792
vn 0.7256 0.1136 0.6787
vn 0.3055 -0.0682 0.9498
vn 0.3146 0.0034 0.9492
vn -0.0000 -0.0580 0.9983
vn -0.0000 -0.1241 0.9923
vn 0.7311 0.1050 0.6742
vn 0.3221 0.1085 0.9405
vn 0.7179 0.1764 0.6734
vn 0.3290 0.0427 0.9434
vn -0.0000 0.0211 0.9998
vn -0.0000 0.0839 0.9965
vn 0.9884 0.1516 -0.0000
vn 0.9742 0.2256 -0.0000
vn 0.7437 0.2206 0.6310
vn -0.0000 0.1410 -0.9900
vn 0.3118 0.9502 0.0004
vn 0.2760 0.9542 0.1155
vn 0.1767 0.9602 -0.2166
vn -0.0000 0.7044 -0.7098
vn -0.0000 0.9628 -0.2703
vn -0.0000 0.1410 0.9900
vn 0.7437 0.2206 -0.6310
vn -0.0000 0.7009 0.7133
vn 0.1783 0.9583 0.2235
vn -0.0000 0.9602 0.2795
vn 0.2743 0.9550 -0.1129
vn -0.3221 0.1085 -0.9405
vn 0.3431 0.1627 0.9251
vn -0.1767 0.9602 -0.2166
vn 0.2804 0.7162 -0.6390
vn -0.0000 0.1556 -0.9878
vn -0.3464 0.0217 0.9378
vn -0.7707 0.0293 0.6365
vn -0.7522 0.0615 0.6561
vn -0.3639 0.0084 0.9314
vn -0.3759 0.0031 0.9267
vn -0.7820 0.0140 0.6231
vn -0.7881 0.0072 0.6155
vn -0.3828 0.0013 0.9238
vn -0.3868 -0.0002 0.9222
vn -0.7915 0.0032 0.6111
vn -0.7938 -0.0005 0.6082
vn -0.3894 -0.0023 0.9211
vn -0.3907 -0.0071 0.9205
vn -0.7953 -0.0060 0.6062
vn -0.3290 0.0427 -0.9434
vn -0.7311 0.1050 -0.6742
vn -0.7522 0.0615 -0.6561
vn -0.3464 0.0217 -0.9378
vn -0.9991 0.0433 -0.0000
vn -0.7707 0.0293 -0.6365
vn -0.9959 0.0901 -0.0000
vn -0.9998 0.0210 -0.0000
vn -0.7820 0.0140 -0.6231
vn -0.9999 0.0109 -0.0000
vn -0.7881 0.0072 -0.6155
vn -1.0000 0.0053 -0.0000
vn -0.7915 0.0032 -0.6111
vn -1.0000 0.0007 -0.0000
vn -0.7938 -0.0005 -0.6082
vn -1.0000 -0.0050 -0.0000
vn -0.7953 -0.0060 -0.6062
vn -0.9999 -0.0122 -0.0000
vn -0.7987 -0.0173 -0.6015
vn -0.7987 -0.0173 0.6015
vn -0.9998 -0.0219 -0.0000
vn -0.8115 -0.0385 -0.5831
vn -0.6910 0.3788 -0.6157
vn -0.6488 0.7610 0.0003
vn -0.5227 0.7428 -0.4183
vn -0.6907 0.3787 0.6160
vn -0.5230 0.7419 0.4195
vn -0.3639 0.0084 -0.9314
vn -0.3759 0.0031 -0.9267
vn -0.3828 0.0013 -0.9238
vn -0.3868 -0.0002 -0.9222
vn -0.3894 -0.0023 -0.9211
vn -0.3907 -0.0071 -0.9205
vn -0.3928 -0.0242 -0.9193
vn -0.4032 -0.0621 -0.9130
vn -0.3928 -0.0242 0.9193
vn -0.4032 -0.0621 0.9130
vn -0.8115 -0.0385 0.5831
vn -0.8338 -0.0605 0.5487
vn -0.4241 -0.1023 0.8998
vn -0.4377 -0.1233 0.8906
vn -0.8460 -0.0773 0.5275
vn -0.9995 -0.0312 -0.0000
vn -0.8338 -0.0605 -0.5487
vn -0.9992 -0.0408 -0.0000
vn -0.8460 -0.0773 -0.5275
vn -0.4241 -0.1023 -0.8998
vn -0.4377 -0.1233 -0.8906
vn -0.0000 -0.1350 -0.9909
vn -0.3366 0.2154 0.9167
vn -0.2808 0.7137 0.6418
vn -0.3147 0.0034 -0.9492
vn -0.3055 -0.0682 -0.9498
vn -0.7096 0.1879 -0.6791
vn -0.3368 0.2159 -0.9165
vn -0.7257 0.1135 -0.6786
vn -0.9493 0.3143 0.0001
vn -0.7256 0.1136 0.6787
vn -0.9707 0.2401 0.0001
vn -0.7094 0.1880 0.6792
vn -0.8743 0.4853 0.0002
vn -0.3055 -0.0682 0.9498
vn -0.3146 0.0034 0.9492
vn -0.3221 0.1085 0.9405
vn -0.7311 0.1050 0.6742
vn -0.7179 0.1764 0.6734
vn -0.3290 0.0427 0.9434
vn -0.7179 0.1764 -0.6734
vn -0.9884 0.1516 -0.0000
vn -0.9742 0.2256 -0.0000
vn -0.3431 0.1627 -0.9251
vn -0.7437 0.2206 -0.6310
vn -0.2804 0.7162 -0.6390
vn -0.2743 0.9550 -0.1128
vn -0.3117 0.9502 0.0004
vn -0.7437 0.2206 0.6310
vn -0.3431 0.1627 0.9251
vn -0.2760 0.9542 0.1155
vn -0.1783 0.9583 0.2235
vn 0.3431 0.1627 -0.9251
vn -0.0000 -0.1350 0.9909
vn 0.9663 0.2575 -0.0000
vn -0.9663 0.2575 -0.0000
vn 0.2219 0.8688 0.4427
vn 0.1901 0.6762 0.7118
vn 0.2311 0.6623 0.7127
vn 0.1768 0.9840 0.0217
vn 0.1022 0.9948 0.0018
vn 0.1021 0.9948 0.0001
vn 0.1818 0.9833 0.0019
vn 0.1017 0.9948 -0.0035
vn 0.2215 0.6505 -0.7265
vn 0.1699 0.8656 -0.4711
vn 0.2135 0.8479 -0.4853
vn 0.1817 0.2123 -0.9602
vn 0.1877 0.6599 -0.7275
vn 0.1840 0.2530 -0.9498
vn 0.1549 -0.1665 -0.9738
vn 0.1115 -0.1713 -0.9789
vn 0.1644 -0.3107 -0.9362
vn 0.0975 -0.2717 -0.9574
vn 0.0618 -0.3896 -0.9189
vn 0.1951 -0.8394 -0.5072
vn 0.3398 -0.3296 -0.8808
vn 0.1624 -0.5555 -0.8155
vn 0.2012 -0.9795 -0.0054
vn 0.5082 -0.6769 -0.5325
vn 0.5371 -0.7033 0.4657
vn 0.5196 -0.8544 0.0020
vn 0.2252 -0.8595 0.4589
vn 0.3708 -0.4448 0.8152
vn 0.0934 -0.2755 0.9568
vn 0.1427 -0.3128 0.9391
vn 0.2107 -0.1612 0.9642
vn 0.1059 -0.1827 0.9775
vn 0.0609 -0.3770 0.9242
vn 0.1803 0.2426 0.9532
vn 0.1563 -0.2021 0.9668
vn 0.1881 0.1967 0.9623
vn 0.2758 0.7910 0.5461
vn 0.2573 0.6212 0.7402
vn 0.2756 0.9548 0.1117
vn 0.2750 0.9509 -0.1422
vn 0.2711 0.9623 -0.0191
vn 0.2586 0.6084 -0.7503
vn 0.2368 0.5071 -0.8287
vn 0.1713 0.2710 -0.9472
vn 0.0466 -0.1822 -0.9822
vn -0.0228 -0.3696 -0.9289
vn -0.0408 -0.4208 -0.9062
vn -0.0894 -0.8793 -0.4677
vn -0.0542 -0.6789 -0.7322
vn -0.1510 -0.9882 -0.0255
vn -0.1273 -0.9278 0.3507
vn 0.1783 -0.6375 0.7495
vn -0.0284 -0.4157 0.9091
vn -0.0006 -0.3797 0.9251
vn 0.0334 -0.2528 0.9669
vn 0.1619 0.2059 0.9651
vn -0.1080 -0.3530 -0.9294
vn -0.0872 -0.3889 -0.9172
vn -0.0873 -0.3995 -0.9126
vn -0.3770 -0.7395 -0.5576
vn -0.3233 -0.9004 -0.2912
vn -0.2882 -0.7919 -0.5383
vn -0.4455 -0.8269 -0.3431
vn -0.3466 -0.9379 0.0110
vn -0.4880 -0.8727 -0.0131
vn -0.3175 -0.8873 0.3345
vn -0.3701 -0.7118 0.5970
vn -0.4487 -0.8215 0.3518
vn -0.1124 -0.3508 0.9297
vn -0.0844 -0.3932 0.9156
vn -0.1231 -0.3344 0.9344
vn 0.0432 -0.0974 0.9943
vn -0.0873 -0.4023 0.9114
vn 0.2137 0.2542 0.9433
vn 0.0243 -0.1529 0.9879
vn 0.2279 0.3682 0.9014
vn 0.1856 0.2688 0.9451
vn 0.2150 0.3743 0.9020
vn 0.2310 0.4233 0.8761
vn 0.4506 0.8911 -0.0543
vn 0.3710 0.9042 0.2115
vn 0.4324 0.8687 0.2416
vn 0.4356 0.8453 -0.3093
vn 0.3814 0.9241 -0.0248
vn 0.2066 0.3397 -0.9176
vn 0.2245 0.4089 -0.8846
vn 0.2183 0.4035 -0.8885
vn 0.2272 0.3534 -0.9075
vn 0.1806 0.2358 -0.9549
vn 0.2148 0.2580 -0.9420
vn 0.0153 -0.1936 -0.9810
vn 0.0456 -0.0919 -0.9947
vn 0.1600 -0.2568 -0.9531
vn -0.1190 -0.2800 -0.9526
vn -0.1042 -0.3048 -0.9467
vn -0.5100 -0.7570 -0.4086
vn -0.4519 -0.6894 -0.5662
vn -0.3654 -0.6619 -0.6545
vn -0.5915 -0.8059 0.0253
vn -0.5382 -0.7780 -0.3240
vn -0.4833 -0.7448 0.4601
vn -0.5744 -0.8186 -0.0024
vn -0.3546 -0.6293 0.6915
vn -0.5221 -0.7835 0.3369
vn -0.0718 -0.2873 0.9552
vn -0.1074 -0.2941 0.9497
vn -0.1384 -0.2767 0.9509
vn 0.2365 -0.1858 0.9537
vn 0.1763 -0.2706 0.9464
vn 0.3513 0.0336 0.9356
vn 0.0550 -0.0802 0.9953
vn 0.4076 0.2371 0.8818
vn 0.2187 0.2154 0.9517
vn 0.3967 0.3421 0.8518
vn 0.2216 0.2783 0.9346
vn 0.5568 0.8278 -0.0688
vn 0.5052 0.8048 0.3116
vn 0.5353 0.7792 0.3259
vn 0.4817 0.7390 -0.4709
vn 0.5108 0.8534 -0.1043
vn 0.2603 0.1728 -0.9499
vn 0.2129 0.2890 -0.9334
vn 0.1919 0.2842 -0.9394
vn 0.3475 0.1290 -0.9287
vn 0.2258 0.2323 -0.9461
vn 0.3516 0.0404 -0.9353
vn 0.0657 -0.0617 -0.9959
vn 0.2617 -0.1796 -0.9483
vn -0.2559 -0.7634 0.5930
vn 0.2351 0.4455 0.8639
vn 0.1216 0.2547 0.9593
vn 0.1211 0.6371 0.7612
vn 0.1080 0.8425 0.5278
vn 0.0551 0.9985 -0.0002
vn 0.0531 0.9986 -0.0000
vn 0.0531 0.9986 -0.0002
vn 0.1228 0.8359 -0.5350
vn 0.1220 0.6318 -0.7654
vn 0.1284 0.1569 -0.9792
vn 0.1182 -0.2108 -0.9704
vn 0.1509 -0.2359 -0.9600
vn 0.2040 -0.1413 -0.9687
vn 0.1888 -0.0593 -0.9802
vn 0.4452 -0.2844 -0.8491
vn 0.7324 -0.5551 -0.3942
vn 0.7236 -0.6900 0.0166
vn 0.7304 -0.5533 0.4003
vn 0.4724 -0.3077 0.8259
vn 0.1366 -0.2760 0.9514
vn 0.2114 -0.0783 0.9743
vn 0.1167 -0.1442 0.9826
vn -0.0000 0.2385 0.9711
vn -0.0000 0.6181 0.7861
vn -0.0000 0.8169 0.5768
vn -0.0000 1.0000 0.0001
vn -0.0000 1.0000 -0.0004
vn -0.0000 0.8093 -0.5874
vn -0.0000 0.6060 -0.7954
vn -0.0000 0.2046 -0.9789
vn -0.0000 -0.1489 -0.9889
vn -0.0000 -0.1621 -0.9868
vn 0.1789 -0.0184 -0.9837
vn 0.5978 -0.3778 -0.7070
vn 0.7878 -0.5588 -0.2589
vn 0.7891 -0.6142 -0.0018
vn 0.8017 -0.5576 0.2154
vn 0.6296 -0.3962 0.6683
vn -0.0000 -0.2461 0.9692
vn 0.2088 -0.0421 0.9771
vn 0.9125 0.3266 0.2463
vn 0.9758 0.2098 -0.0615
vn 0.9369 0.3413 -0.0755
vn 0.6968 -0.7172 0.0004
vn 0.6844 -0.4320 0.5874
vn 0.7228 -0.6828 0.1062
vn -0.0000 -0.0463 0.9989
vn 0.1730 -0.0451 0.9839
vn 0.6061 -0.3758 -0.7010
vn 0.7377 -0.6419 -0.2092
vn 0.1250 -0.0239 -0.9919
vn -0.0000 -0.0254 -0.9997
vn 0.8637 0.3130 -0.3949
vn 0.9560 -0.0623 0.2867
vn 0.9619 -0.2697 -0.0442
vn 0.9982 -0.0574 -0.0188
vn 0.9311 -0.0451 -0.3619
vn 0.5343 -0.0180 0.8451
vn 0.5647 0.1200 0.8165
vn 0.4491 0.0207 -0.8933
vn 0.9429 -0.2740 0.1894
vn 0.8879 -0.4587 -0.0363
vn 0.9214 -0.2785 -0.2711
vn 0.8453 -0.4615 0.2693
vn 0.7864 -0.6165 -0.0375
vn 0.8184 -0.4653 -0.3371
vn -0.3921 -0.6961 0.6014
vn -0.5327 -0.8462 0.0119
vn 0.3722 -0.2317 0.8988
vn 0.1006 -0.3242 0.9406
vn 0.4862 -0.1484 0.8612
vn -0.4431 -0.7857 -0.4317
vn 0.3593 -0.2194 -0.9071
vn 0.1152 -0.2830 -0.9522
vn 0.4911 -0.1539 -0.8574
vn 0.4398 0.7608 -0.4773
vn -0.1219 -0.3421 -0.9317
vn -0.4318 -0.6920 0.5785
vn 0.2045 0.2431 0.9482
vn 0.5301 -0.0203 -0.8477
vn -0.0534 -0.2391 -0.9695
vn 0.7010 -0.6701 -0.2441
vn 0.7037 -0.5594 -0.4380
vn 0.7264 -0.6177 0.3014
vn 0.6749 -0.7061 0.2142
vn 0.8887 0.2196 -0.4024
vn 0.9399 0.2078 0.2709
vn -0.2414 -0.5158 0.8220
vn 0.6609 -0.7471 0.0715
vn -0.3160 -0.6737 -0.6680
vn 0.5882 -0.4761 -0.6538
vn 0.6736 -0.7279 -0.1281
vn 0.5570 -0.8302 0.0228
vn 0.6908 -0.5017 0.5206
vn 0.6587 -0.7362 0.1552
vn -0.1901 0.6762 0.7118
vn -0.2219 0.8688 0.4427
vn -0.2311 0.6623 0.7127
vn -0.1768 0.9840 0.0217
vn -0.1022 0.9948 0.0018
vn -0.1818 0.9833 0.0019
vn -0.1017 0.9948 -0.0035
vn -0.1867 0.9821 -0.0233
vn -0.1699 0.8656 -0.4711
vn -0.2215 0.6505 -0.7265
vn -0.2135 0.8479 -0.4853
vn -0.1817 0.2123 -0.9602
vn -0.1840 0.2530 -0.9498
vn -0.1549 -0.1665 -0.9738
vn -0.1115 -0.1713 -0.9789
vn -0.1644 -0.3107 -0.9362
vn -0.0618 -0.3896 -0.9189
vn -0.0975 -0.2717 -0.9574
vn -0.3398 -0.3296 -0.8808
vn -0.1951 -0.8394 -0.5072
vn -0.1624 -0.5555 -0.8155
vn -0.5082 -0.6769 -0.5325
vn -0.2012 -0.9795 -0.0054
vn -0.5371 -0.7033 0.4657
vn -0.2252 -0.8595 0.4589
vn -0.3708 -0.4448 0.8152
vn -0.1783 -0.6375 0.7495
vn -0.0934 -0.2755 0.9568
vn -0.1427 -0.3128 0.9391
vn -0.0609 -0.3770 0.9242
vn -0.1059 -0.1827 0.9775
vn -0.1563 -0.2021 0.9668
vn -0.1803 0.2426 0.9532
vn -0.1881 0.1967 0.9623
vn -0.2758 0.7910 0.5461
vn -0.2573 0.6212 0.7402
vn -0.2756 0.9548 0.1117
vn -0.2711 0.9623 -0.0191
vn -0.2750 0.9509 -0.1422
vn -0.2586 0.6084 -0.7503
vn -0.2368 0.5071 -0.8287
vn -0.1713 0.2710 -0.9472
vn -0.0466 -0.1822 -0.9822
vn 0.0408 -0.4208 -0.9062
vn 0.0228 -0.3696 -0.9289
vn 0.0894 -0.8793 -0.4677
vn 0.0542 -0.6789 -0.7322
vn 0.1510 -0.9882 -0.0255
vn 0.1273 -0.9278 0.3507
vn 0.0845 -0.7633 0.6405
vn 0.0284 -0.4157 0.9091
vn 0.0006 -0.3797 0.9251
vn -0.0334 -0.2528 0.9669
vn -0.1619 0.2059 0.9651
vn 0.1080 -0.3530 -0.9294
vn 0.0872 -0.3889 -0.9172
vn 0.1219 -0.3421 -0.9317
vn 0.3770 -0.7395 -0.5576
vn 0.3233 -0.9004 -0.2912
vn 0.4455 -0.8269 -0.3431
vn 0.3466 -0.9379 0.0110
vn 0.4880 -0.8727 -0.0131
vn 0.3175 -0.8873 0.3345
vn 0.4487 -0.8215 0.3518
vn 0.3701 -0.7118 0.5970
vn 0.0844 -0.3932 0.9156
vn 0.1124 -0.3508 0.9297
vn 0.1231 -0.3344 0.9344
vn 0.0873 -0.4023 0.9114
vn -0.0432 -0.0974 0.9943
vn -0.0243 -0.1529 0.9879
vn -0.2137 0.2542 0.9433
vn -0.1856 0.2688 0.9451
vn -0.2279 0.3682 0.9014
vn -0.2310 0.4233 0.8761
vn -0.2150 0.3743 0.9020
vn -0.3710 0.9042 0.2115
vn -0.4506 0.8911 -0.0543
vn -0.4324 0.8687 0.2416
vn -0.3814 0.9241 -0.0248
vn -0.4356 0.8453 -0.3093
vn -0.2066 0.3397 -0.9176
vn -0.2245 0.4089 -0.8846
vn -0.2272 0.3534 -0.9075
vn -0.1806 0.2358 -0.9549
vn -0.2148 0.2580 -0.9420
vn -0.0153 -0.1936 -0.9810
vn -0.0456 -0.0919 -0.9947
vn 0.0873 -0.3995 -0.9126
vn -0.1600 -0.2568 -0.9531
vn 0.1190 -0.2800 -0.9526
vn 0.0534 -0.2391 -0.9695
vn 0.4519 -0.6894 -0.5662
vn 0.5100 -0.7570 -0.4086
vn 0.3654 -0.6619 -0.6545
vn 0.5382 -0.7780 -0.3240
vn 0.5915 -0.8059 0.0253
vn 0.5744 -0.8186 -0.0024
vn 0.4833 -0.7448 0.4601
vn 0.5221 -0.7835 0.3369
vn 0.3546 -0.6293 0.6915
vn 0.0718 -0.2873 0.9552
vn 0.1074 -0.2941 0.9497
vn -0.1763 -0.2706 0.9464
vn -0.2365 -0.1858 0.9537
vn -0.0550 -0.0802 0.9953
vn -0.3513 0.0336 0.9356
vn -0.2187 0.2154 0.9517
vn -0.4076 0.2371 0.8818
vn -0.2216 0.2783 0.9346
vn -0.3967 0.3421 0.8518
vn -0.5052 0.8048 0.3116
vn -0.5568 0.8278 -0.0688
vn -0.5353 0.7792 0.3259
vn -0.5108 0.8534 -0.1043
vn -0.4817 0.7390 -0.4709
vn -0.2603 0.1728 -0.9499
vn -0.2129 0.2890 -0.9334
vn -0.3475 0.1290 -0.9287
vn -0.2258 0.2323 -0.9461
vn -0.3516 0.0404 -0.9353
vn -0.0657 -0.0617 -0.9959
vn -0.2617 -0.1796 -0.9483
vn 0.1042 -0.3048 -0.9467
vn 0.2882 -0.7919 -0.5383
vn 0.2559 -0.7634 0.5930
vn -0.2351 0.4455 0.8639
vn -0.3797 0.8893 -0.2549
vn -0.2183 0.4035 -0.8885
vn -0.1216 0.2547 0.9593
vn -0.1080 0.8425 0.5278
vn -0.1211 0.6371 0.7612
vn -0.0551 0.9985 -0.0002
vn -0.1021 0.9948 0.0001
vn -0.0531 0.9986 -0.0000
vn -0.1228 0.8359 -0.5350
vn -0.1877 0.6599 -0.7275
vn -0.1284 0.1569 -0.9792
vn -0.1220 0.6318 -0.7654
vn -0.1182 -0.2108 -0.9704
vn -0.1509 -0.2359 -0.9600
vn -0.2040 -0.1413 -0.9687
vn -0.4452 -0.2844 -0.8491
vn -0.7236 -0.6900 0.0166
vn -0.7324 -0.5551 -0.3942
vn -0.5196 -0.8544 0.0020
vn -0.4724 -0.3077 0.8259
vn -0.7304 -0.5533 0.4003
vn -0.1366 -0.2760 0.9514
vn -0.2107 -0.1612 0.9642
vn -0.2114 -0.0783 0.9743
vn -0.1167 -0.1442 0.9826
vn -0.0531 0.9986 -0.0002
vn -0.1888 -0.0593 -0.9802
vn -0.5978 -0.3778 -0.7070
vn -0.7891 -0.6142 -0.0018
vn -0.7878 -0.5588 -0.2589
vn -0.6296 -0.3962 0.6683
vn -0.8017 -0.5576 0.2154
vn -0.2088 -0.0421 0.9771
vn -0.9125 0.3266 0.2463
vn -0.9758 0.2098 -0.0615
vn -0.9399 0.2078 0.2709
vn -0.6968 -0.7172 0.0004
vn -0.7228 -0.6828 0.1062
vn -0.7377 -0.6419 -0.2092
vn -0.6844 -0.4320 0.5874
vn -0.1730 -0.0451 0.9839
vn -0.6061 -0.3758 -0.7010
vn -0.1250 -0.0239 -0.9919
vn -0.8637 0.3130 -0.3949
vn -0.9369 0.3413 -0.0755
vn -0.9619 -0.2697 -0.0442
vn -0.9560 -0.0623 0.2867
vn -0.9982 -0.0574 -0.0188
vn -0.9311 -0.0451 -0.3619
vn -0.9214 -0.2785 -0.2711
vn -0.5647 0.1200 0.8165
vn -0.5343 -0.0180 0.8451
vn -0.4491 0.0207 -0.8933
vn -0.9429 -0.2740 0.1894
vn -0.8879 -0.4587 -0.0363
vn -0.8453 -0.4615 0.2693
vn -0.7864 -0.6165 -0.0375
vn -0.8184 -0.4653 -0.3371
vn -0.7037 -0.5594 -0.4380
vn 0.3921 -0.6961 0.6014
vn 0.5327 -0.8462 0.0119
vn -0.3722 -0.2317 0.8988
vn -0.1006 -0.3242 0.9406
vn -0.4862 -0.1484 0.8612
vn 0.4431 -0.7857 -0.4317
vn -0.1152 -0.2830 -0.9522
vn -0.3593 -0.2194 -0.9071
vn -0.4911 -0.1539 -0.8574
vn -0.4398 0.7608 -0.4773
vn -0.1919 0.2842 -0.9394
vn 0.4318 -0.6920 0.5785
vn 0.1384 -0.2767 0.9509
vn -0.2045 0.2431 0.9482
vn -0.5301 -0.0203 -0.8477
vn -0.7010 -0.6701 -0.2441
vn -0.6749 -0.7061 0.2142
vn -0.7264 -0.6177 0.3014
vn 0.2414 -0.5158 0.8220
vn -0.6609 -0.7471 0.0715
vn 0.3160 -0.6737 -0.6680
vn -0.5882 -0.4761 -0.6538
vn -0.6736 -0.7279 -0.1281
vn -0.5570 -0.8302 0.0228
vn -0.6587 -0.7362 0.1552
vn -0.6908 -0.5017 0.5206
vn -0.1789 -0.0184 -0.9837
vn 0.1799 0.8794 0.4408
vn 0.1867 0.9821 -0.0233
vn -0.0845 -0.7633 0.6405
vn 0.3797 0.8893 -0.2549
vn -0.1799 0.8794 0.4408
vn -0.8887 0.2196 -0.4024
vn 0.4520 -0.0075 0.8920
vn 0.4567 -0.0082 0.8896
vn 0.4518 -0.0079 0.8921
vn 0.1750 -0.0088 0.9845
vn 0.4613 -0.0083 0.8872
vn 0.2042 -0.0806 0.9756
vn 0.2636 -0.0588 0.9628
vn 0.2472 -0.0543 0.9674
vn 0.3428 -0.0136 0.9393
vn 0.3063 -0.0114 0.9519
vn 0.3454 -0.0090 0.9384
vn 0.2812 -0.0204 0.9594
vn 0.2590 -0.0309 0.9654
vn 0.2827 -0.0173 0.9591
vn 0.4130 -0.0112 0.9107
vn 0.1083 -0.0079 0.9941
vn 0.4457 -0.0077 0.8951
vn 0.0149 -0.0365 0.9992
vn -0.0000 -0.0122 0.9999
vn -0.0000 -0.0175 0.9998
vn -0.0000 -0.0733 -0.9973
vn 0.1678 -0.1042 -0.9803
vn -0.0000 -0.0899 -0.9960
vn 0.4484 -0.0069 0.8938
vn 0.4483 -0.0071 0.8939
vn -0.0000 -0.0063 1.0000
vn 0.0779 -0.0151 0.9968
vn 0.4570 -0.0078 0.8894
vn 0.1564 -0.0088 0.9877
vn -0.0000 -0.0088 1.0000
vn -0.0000 -0.0087 1.0000
vn 0.4463 -0.0065 0.8948
vn 0.1365 -0.0079 0.9906
vn -0.0000 -0.0039 1.0000
vn 0.1205 -0.0058 0.9927
vn 0.0051 -0.0175 0.9998
vn -0.0000 -0.0168 0.9999
vn -0.0000 -0.0103 0.9999
vn 0.1923 -0.0087 0.9813
vn -0.0000 -0.0072 1.0000
vn -0.0000 -0.0089 1.0000
vn 0.4616 -0.0078 0.8871
vn 0.4657 -0.0083 0.8849
vn -0.4483 -0.0071 0.8939
vn -0.1365 -0.0079 0.9906
vn -0.4518 -0.0079 0.8921
vn -0.0000 -0.0147 0.9999
vn -0.0258 -0.0191 0.9995
vn -0.0000 -0.0189 0.9998
vn -0.4148 -0.0079 0.9099
vn -0.4457 -0.0077 0.8951
vn -0.4463 -0.0065 0.8948
vn 0.2835 -0.0332 0.9584
vn 0.0258 -0.0191 0.9995
vn 0.3042 -0.0153 0.9525
vn 0.0146 -0.0360 0.9992
vn -0.0000 -0.0073 1.0000
vn -0.0000 -0.1050 0.9945
vn 0.2284 -0.1144 0.9668
vn 0.1678 -0.1042 0.9803
vn -0.0021 -0.0186 0.9998
vn 0.2008 -0.0075 0.9796
vn 0.4675 -0.0080 0.8840
vn 0.4659 -0.0078 0.8848
vn 0.4677 -0.0075 0.8838
vn 0.0471 -0.0253 0.9986
vn -0.4520 -0.0075 0.8920
vn -0.4567 -0.0082 0.8896
vn -0.4570 -0.0078 0.8894
vn 0.2515 -0.0490 0.9666
vn 0.2525 -0.0460 0.9665
vn -0.1750 -0.0088 0.9845
vn -0.4613 -0.0083 0.8872
vn -0.2636 -0.0588 0.9628
vn -0.2042 -0.0806 0.9756
vn -0.2472 -0.0543 0.9674
vn -0.3428 -0.0136 0.9393
vn -0.3063 -0.0114 0.9519
vn -0.3042 -0.0153 0.9525
vn -0.2812 -0.0204 0.9594
vn -0.2590 -0.0309 0.9654
vn -0.2835 -0.0332 0.9584
vn -0.3454 -0.0090 0.9384
vn -0.4130 -0.0112 0.9107
vn -0.1083 -0.0079 0.9941
vn -0.0146 -0.0360 0.9992
vn -0.0000 -0.0733 0.9973
vn -0.4484 -0.0069 0.8938
vn -0.0779 -0.0151 0.9968
vn -0.4616 -0.0078 0.8871
vn -0.1564 -0.0088 0.9877
vn -0.0051 -0.0175 0.9998
vn 0.0021 -0.0186 0.9998
vn -0.1923 -0.0087 0.9813
vn -0.2008 -0.0075 0.9796
vn -0.4657 -0.0083 0.8849
vn -0.4659 -0.0078 0.8848
vn 0.4483 -0.0071 -0.8939
vn 0.1365 -0.0079 -0.9906
vn 0.4518 -0.0079 -0.8921
vn -0.0000 -0.0147 -0.9999
vn 0.0258 -0.0191 -0.9995
vn -0.0000 -0.0189 -0.9998
vn 0.4148 -0.0079 -0.9099
vn 0.4457 -0.0077 -0.8951
vn 0.4463 -0.0065 -0.8948
vn -0.1205 -0.0058 0.9927
vn -0.0471 -0.0253 0.9986
vn -0.1678 -0.1042 0.9803
vn -0.2284 -0.1144 0.9668
vn -0.4675 -0.0080 0.8840
vn 0.4520 -0.0075 -0.8920
vn 0.4567 -0.0082 -0.8896
vn 0.4570 -0.0078 -0.8894
vn -0.2827 -0.0173 0.9591
vn -0.2515 -0.0490 0.9666
vn -0.0149 -0.0365 0.9992
vn -0.2525 -0.0460 0.9665
vn 0.1750 -0.0088 -0.9845
vn 0.4613 -0.0083 -0.8872
vn 0.2636 -0.0588 -0.9628
vn 0.2042 -0.0806 -0.9756
vn 0.2472 -0.0543 -0.9674
vn 0.3428 -0.0136 -0.9393
vn 0.3063 -0.0114 -0.9519
vn 0.3042 -0.0153 -0.9525
vn 0.2812 -0.0204 -0.9594
vn 0.2590 -0.0309 -0.9654
vn 0.2835 -0.0332 -0.9584
vn 0.3454 -0.0090 -0.9384
vn 0.4130 -0.0112 -0.9107
vn 0.1083 -0.0079 -0.9941
vn -0.0000 -0.0168 -0.9999
vn 0.0146 -0.0360 -0.9992
vn -0.1678 -0.1042 -0.9803
vn -0.2042 -0.0806 -0.9756
vn 0.4484 -0.0069 -0.8938
vn -0.0000 -0.0063 -1.0000
vn 0.0779 -0.0151 -0.9968
vn 0.4616 -0.0078 -0.8871
vn 0.1564 -0.0088 -0.9877
vn -0.0000 -0.0088 -1.0000
vn -0.0000 -0.0087 -1.0000
vn -0.0000 -0.0073 -1.0000
vn -0.0000 -0.0039 -1.0000
vn 0.0051 -0.0175 -0.9998
vn -0.0021 -0.0186 -0.9998
vn 0.1923 -0.0087 -0.9813
vn -0.0000 -0.0072 -1.0000
vn 0.2008 -0.0075 -0.9796
vn 0.4657 -0.0083 -0.8849
vn 0.4659 -0.0078 -0.8848
vn -0.0000 -0.0089 -1.0000
vn -0.1365 -0.0079 -0.9906
vn -0.4483 -0.0071 -0.8939
vn -0.4518 -0.0079 -0.8921
vn -0.0258 -0.0191 -0.9995
vn -0.0779 -0.0151 -0.9968
vn -0.4148 -0.0079 -0.9099
vn -0.4457 -0.0077 -0.8951
vn -0.4130 -0.0112 -0.9107
vn 0.1205 -0.0058 -0.9927
vn 0.0471 -0.0253 -0.9986
vn -0.0000 -0.1050 -0.9945
vn 0.2284 -0.1144 -0.9668
vn 0.4675 -0.0080 -0.8840
vn -0.0000 -0.0103 -0.9999
vn -0.4520 -0.0075 -0.8920
vn -0.4567 -0.0082 -0.8896
vn 0.2827 -0.0173 -0.9591
vn 0.2515 -0.0490 -0.9666
vn 0.0149 -0.0365 -0.9992
vn 0.2525 -0.0460 -0.9665
vn -0.1750 -0.0088 -0.9845
vn -0.4613 -0.0083 -0.8872
vn -0.2636 -0.0588 -0.9628
vn -0.2472 -0.0543 -0.9674
vn -0.3428 -0.0136 -0.9393
vn -0.3063 -0.0114 -0.9519
vn -0.3454 -0.0090 -0.9384
vn -0.2812 -0.0204 -0.9594
vn -0.2590 -0.0309 -0.9654
vn -0.2827 -0.0173 -0.9591
vn -0.1083 -0.0079 -0.9941
vn -0.0149 -0.0365 -0.9992
vn -0.0000 -0.0122 -0.9999
vn -0.0000 -0.0175 -0.9998
vn -0.0000 -0.0899 0.9960
vn -0.4484 -0.0069 -0.8938
vn -0.4570 -0.0078 -0.8894
vn -0.1564 -0.0088 -0.9877
vn -0.4463 -0.0065 -0.8948
vn -0.1205 -0.0058 -0.9927
vn -0.0051 -0.0175 -0.9998
vn -0.1923 -0.0087 -0.9813
vn -0.4616 -0.0078 -0.8871
vn -0.4657 -0.0083 -0.8849
vn 0.4148 -0.0079 0.9099
vn -0.2835 -0.0332 -0.9584
vn -0.3042 -0.0153 -0.9525
vn -0.0146 -0.0360 -0.9992
vn -0.2284 -0.1144 -0.9668
vn 0.0021 -0.0186 -0.9998
vn -0.2008 -0.0075 -0.9796
vn -0.4675 -0.0080 -0.8840
vn -0.4659 -0.0078 -0.8848
vn -0.4677 -0.0075 -0.8838
vn -0.0471 -0.0253 -0.9986
vn -0.2515 -0.0490 -0.9666
vn -0.2525 -0.0460 -0.9665
vn -0.2770 -0.0857 0.9570
vn 0.2770 -0.0857 -0.9570
vn 0.2770 -0.0857 0.9570
vn -0.4677 -0.0075 0.8838
vn 0.4677 -0.0075 -0.8838
vn -0.2770 -0.0857 -0.9570
vt 0.908921 0.262793
vt 0.901345 0.298517
vt 0.888303 0.292799
vt 0.915591 0.298587
vt 0.928870 0.293445
vt 0.938945 0.283385
vt 0.944692 0.270358
vt 0.944748 0.256122
vt 0.939567 0.242860
vt 0.929534 0.232751
vt 0.916482 0.227037
vt 0.902233 0.226989
vt 0.888961 0.232149
vt 0.878901 0.242222
vt 0.873174 0.255252
vt 0.873124 0.269479
vt 0.878265 0.282730
vt 0.875974 0.310772
vt 0.859952 0.294635
vt 0.749011 0.747849
vt 0.763373 0.783967
vt 0.746615 0.782186
vt 0.703668 0.659873
vt 0.729666 0.645952
vt 0.729674 0.658865
vt 0.676012 0.650169
vt 0.677779 0.662809
vt 0.649117 0.654909
vt 0.651787 0.667671
vt 0.622017 0.661456
vt 0.625163 0.674594
vt 0.935079 0.890640
vt 0.941314 0.919865
vt 0.928427 0.916843
vt 0.952507 0.866881
vt 0.940194 0.865032
vt 0.955566 0.840284
vt 0.942895 0.839241
vt 0.956858 0.813184
vt 0.943945 0.813191
vt 0.942937 0.787185
vt 0.952641 0.759530
vt 0.940001 0.761297
vt 0.947901 0.732634
vt 0.935139 0.735305
vt 0.941354 0.705534
vt 0.928216 0.708681
vt 0.807122 0.667730
vt 0.836348 0.661496
vt 0.833325 0.674383
vt 0.783363 0.650303
vt 0.781514 0.662616
vt 0.756767 0.647244
vt 0.755723 0.659915
vt 0.786704 0.753178
vt 0.768001 0.749919
vt 0.796686 0.790579
vt 0.780052 0.786814
vt 0.849179 0.756643
vt 0.812231 0.747162
vt 0.844476 0.738771
vt 0.818958 0.779945
vt 0.816110 0.763481
vt 0.854856 0.794205
vt 0.852655 0.775257
vt 0.821247 0.813341
vt 0.820691 0.796585
vt 0.854961 0.832528
vt 0.855543 0.813352
vt 0.818843 0.846891
vt 0.820624 0.830133
vt 0.849632 0.870222
vt 0.852891 0.851519
vt 0.812231 0.880204
vt 0.815996 0.863569
vt 0.673125 0.753631
vt 0.663645 0.790579
vt 0.655254 0.758334
vt 0.696427 0.783852
vt 0.679964 0.786700
vt 0.710687 0.747954
vt 0.691739 0.750155
vt 0.729823 0.781563
vt 0.713068 0.782119
vt 0.864228 0.327347
vt 0.843276 0.305446
vt 0.753208 0.692205
vt 0.799539 0.699429
vt 0.776500 0.695018
vt 0.804863 0.757702
vt 0.902911 0.743305
vt 0.896025 0.720506
vt 0.910552 0.789744
vt 0.907668 0.766422
vt 0.910604 0.836726
vt 0.911335 0.813233
vt 0.903380 0.883057
vt 0.907791 0.860018
vt 0.845108 0.888381
vt 0.659787 0.699899
vt 0.636988 0.706785
vt 0.706227 0.692257
vt 0.682905 0.695142
vt 0.729834 0.747266
vt 0.729716 0.691475
vt 0.851714 0.273465
vt 0.851937 0.250775
vt 0.861020 0.230001
vt 0.876981 0.213807
vt 0.896828 0.905580
vt 0.898233 0.205520
vt 0.920939 0.205926
vt 0.941954 0.214646
vt 0.957650 0.231104
vt 0.966317 0.252103
vt 0.965948 0.274876
vt 0.956811 0.295631
vt 0.940828 0.311803
vt 0.822062 0.705982
vt 0.919561 0.320063
vt 0.896859 0.319595
vt 0.923532 0.340076
vt 0.892519 0.339907
vt 0.973904 0.307265
vt 0.951808 0.328612
vt 0.986014 0.248403
vt 0.985865 0.278792
vt 0.953385 0.198028
vt 0.974880 0.219911
vt 0.894237 0.185538
vt 0.925177 0.185666
vt 0.843884 0.218383
vt 0.865985 0.197008
vt 0.831945 0.277465
vt 0.831945 0.246935
vt 0.702694 0.647352
vt 0.947627 0.893293
vt 0.955457 0.786212
vt 0.809775 0.655182
vt 0.083323 0.022138
vt 0.093077 0.001121
vt 0.092325 0.022339
vt 0.083464 0.280408
vt 0.092500 0.260941
vt 0.092395 0.280544
vt 0.083448 0.260761
vt 0.092522 0.240905
vt 0.083347 0.240736
vt 0.092564 0.220498
vt 0.083389 0.220329
vt 0.092460 0.200474
vt 0.083409 0.200295
vt 0.092425 0.180836
vt 0.083502 0.180712
vt 0.092335 0.161265
vt 0.083425 0.161152
vt 0.092237 0.141705
vt 0.083327 0.141592
vt 0.092160 0.122145
vt 0.083237 0.122021
vt 0.092253 0.102562
vt 0.083202 0.102383
vt 0.092274 0.082528
vt 0.083098 0.082358
vt 0.092318 0.062121
vt 0.083142 0.061949
vt 0.092232 0.042088
vt 0.083173 0.041897
vt 0.083425 0.300087
vt 0.092413 0.300280
vt 0.092780 0.321441
vt 0.099511 0.300150
vt 0.100308 0.320213
vt 0.082679 0.321294
vt 0.076494 0.299945
vt 0.076501 0.280418
vt 0.099309 0.261024
vt 0.099350 0.280522
vt 0.076389 0.260790
vt 0.076146 0.240777
vt 0.099764 0.220457
vt 0.099969 0.240949
vt 0.075942 0.220286
vt 0.076603 0.200212
vt 0.099397 0.180807
vt 0.099520 0.200443
vt 0.076568 0.180727
vt 0.076474 0.161180
vt 0.099188 0.141677
vt 0.099290 0.161236
vt 0.076371 0.141621
vt 0.076265 0.122050
vt 0.099059 0.102645
vt 0.099094 0.122130
vt 0.076141 0.102414
vt 0.075897 0.082399
vt 0.099517 0.062082
vt 0.099720 0.082572
vt 0.075692 0.061906
vt 0.076345 0.041824
vt 0.099272 0.022481
vt 0.099285 0.042075
vt 0.076241 0.022257
vt 0.082974 0.000977
vt 0.075449 0.002203
vt 0.331361 0.161997
vt 0.353123 0.169698
vt 0.338576 0.179417
vt 0.348519 0.146556
vt 0.348519 0.158584
vt 0.338576 0.125723
vt 0.331361 0.143143
vt 0.361628 0.126937
vt 0.353123 0.135442
vt 0.369328 0.105175
vt 0.351909 0.112390
vt 0.384770 0.122334
vt 0.372741 0.122334
vt 0.405603 0.112390
vt 0.388183 0.105175
vt 0.404389 0.135442
vt 0.395883 0.126937
vt 0.426151 0.143143
vt 0.418935 0.125723
vt 0.408992 0.158584
vt 0.408992 0.146556
vt 0.418935 0.179417
vt 0.426151 0.161998
vt 0.395883 0.178203
vt 0.404389 0.169697
vt 0.388183 0.199965
vt 0.405603 0.192750
vt 0.372741 0.182806
vt 0.384770 0.182806
vt 0.351909 0.192750
vt 0.369328 0.199965
vt 0.361628 0.178203
vt 0.615848 0.704784
vt 0.614634 0.727836
vt 0.606129 0.719331
vt 0.636396 0.735536
vt 0.629181 0.718117
vt 0.619238 0.750978
vt 0.619238 0.738949
vt 0.629181 0.771811
vt 0.636396 0.754391
vt 0.606129 0.770597
vt 0.614634 0.762091
vt 0.598429 0.792359
vt 0.615848 0.785143
vt 0.582987 0.775200
vt 0.595016 0.775200
vt 0.562154 0.785143
vt 0.579574 0.792359
vt 0.563368 0.762091
vt 0.571874 0.770597
vt 0.541606 0.754391
vt 0.548822 0.771811
vt 0.558765 0.738949
vt 0.558765 0.750978
vt 0.548822 0.718117
vt 0.541606 0.735536
vt 0.571874 0.719331
vt 0.563368 0.727836
vt 0.579574 0.697569
vt 0.562154 0.704784
vt 0.595016 0.714727
vt 0.582987 0.714727
vt 0.598429 0.697569
vt 0.075449 0.319888
vt 0.100312 0.002526
vt 0.761882 0.178117
vt 0.744033 0.131739
vt 0.764229 0.131032
vt 0.760390 0.230684
vt 0.742774 0.178133
vt 0.742018 0.230656
vt 0.720679 0.178260
vt 0.720417 0.132266
vt 0.759700 0.283634
vt 0.759571 0.336272
vt 0.741728 0.283676
vt 0.741766 0.336386
vt 0.721282 0.283779
vt 0.720979 0.230740
vt 0.759872 0.388910
vt 0.760654 0.441871
vt 0.742044 0.389107
vt 0.742594 0.442182
vt 0.721884 0.389264
vt 0.721583 0.336513
vt 0.845987 0.091131
vt 0.818528 0.103650
vt 0.820936 0.083787
vt 0.842172 0.109321
vt 0.814925 0.136422
vt 0.795520 0.133111
vt 0.798275 0.097947
vt 0.800085 0.076163
vt 0.777342 0.178494
vt 0.779985 0.131303
vt 0.792668 0.179478
vt 0.775620 0.230905
vt 0.790767 0.231407
vt 0.774810 0.283699
vt 0.789866 0.283908
vt 0.774655 0.336208
vt 0.789694 0.336204
vt 0.775051 0.388713
vt 0.790178 0.388504
vt 0.776084 0.441492
vt 0.791435 0.441018
vt 0.778008 0.494473
vt 0.793885 0.493625
vt 0.781037 0.545935
vt 0.762013 0.495146
vt 0.199101 0.922108
vt 0.214062 0.906966
vt 0.205412 0.927261
vt 0.280746 0.023161
vt 0.295704 0.038306
vt 0.289348 0.041978
vt 0.837071 0.139945
vt 0.811263 0.181120
vt 0.832343 0.183010
vt 0.808829 0.232215
vt 0.829256 0.233169
vt 0.807636 0.284256
vt 0.827686 0.284666
vt 0.807333 0.336235
vt 0.827191 0.336263
vt 0.807813 0.388235
vt 0.827596 0.387895
vt 0.809208 0.440357
vt 0.829052 0.439525
vt 0.812003 0.492405
vt 0.832083 0.490804
vt 0.817093 0.542738
vt 0.798354 0.544614
vt 0.763576 0.547062
vt 0.743456 0.495649
vt 0.744308 0.547864
vt 0.722492 0.495899
vt 0.722187 0.442379
vt 0.764741 0.595540
vt 0.765632 0.640941
vt 0.744712 0.596714
vt 0.744841 0.642449
vt 0.723070 0.597150
vt 0.722791 0.548192
vt 0.784897 0.593847
vt 0.804956 0.592044
vt 0.789026 0.638733
vt 0.837528 0.540120
vt 0.824597 0.589698
vt 0.845419 0.586224
vt 0.833258 0.634209
vt 0.812484 0.636662
vt 0.208837 0.878312
vt 0.215701 0.849232
vt 0.215880 0.880384
vt 0.207700 0.903297
vt 0.331730 0.096034
vt 0.312844 0.059900
vt 0.329332 0.055462
vt 0.313852 0.096034
vt 0.297504 0.064894
vt 0.309268 0.030147
vt 0.323633 0.022987
vt 0.301758 0.008612
vt 0.316307 0.001581
vt 0.287056 0.018003
vt 0.227623 0.915113
vt 0.220115 0.936640
vt 0.241978 0.922257
vt 0.234664 0.943659
vt 0.247663 0.889791
vt 0.231207 0.885367
vt 0.232221 0.849232
vt 0.250053 0.849232
vt 0.766876 0.095399
vt 0.746778 0.077343
vt 0.768819 0.073474
vt 0.745562 0.097708
vt 0.720228 0.099143
vt 0.720117 0.079631
vt 0.782745 0.095090
vt 0.784664 0.072549
vt 0.769673 0.062673
vt 0.848283 0.081900
vt 0.195889 0.918559
vt 0.202590 0.902140
vt 0.284361 0.067313
vt 0.289876 0.096034
vt 0.283689 0.096034
vt 0.720061 0.069955
vt 0.801124 0.065403
vt 0.208239 0.849232
vt 0.202709 0.877960
vt 0.202036 0.849232
vt 0.277534 0.026711
vt 0.284241 0.043133
vt 0.591984 0.083363
vt 0.619351 0.084938
vt 0.594385 0.092567
vt 0.747362 0.067228
vt 0.284361 0.124755
vt 0.290480 0.066967
vt 0.297313 0.096034
vt 0.696797 0.132008
vt 0.679478 0.178587
vt 0.676594 0.131532
vt 0.698585 0.178385
vt 0.699941 0.230896
vt 0.681570 0.231133
vt 0.682864 0.284072
vt 0.700835 0.283909
vt 0.701399 0.336616
vt 0.683594 0.336706
vt 0.683894 0.389344
vt 0.701723 0.389337
vt 0.701779 0.442415
vt 0.683716 0.442310
vt 0.621985 0.104772
vt 0.598408 0.110712
vt 0.642172 0.098838
vt 0.645328 0.133969
vt 0.625963 0.137500
vt 0.603859 0.141276
vt 0.664023 0.179141
vt 0.648710 0.180299
vt 0.660842 0.131983
vt 0.666343 0.231528
vt 0.651203 0.232204
vt 0.667756 0.284310
vt 0.652704 0.284690
vt 0.668510 0.336814
vt 0.653472 0.336982
vt 0.668713 0.389320
vt 0.653585 0.389284
vt 0.668283 0.442107
vt 0.652928 0.441808
vt 0.666964 0.495106
vt 0.651078 0.494440
vt 0.682966 0.495597
vt 0.664522 0.546600
vt 0.647191 0.545476
vt 0.295704 0.153762
vt 0.280746 0.168907
vt 0.289348 0.150090
vt 0.199101 0.776356
vt 0.214062 0.791498
vt 0.207700 0.795167
vt 0.630134 0.182153
vt 0.609078 0.184284
vt 0.633151 0.233217
vt 0.612737 0.234405
vt 0.634939 0.285242
vt 0.614894 0.285881
vt 0.635835 0.337214
vt 0.615979 0.337468
vt 0.635948 0.389216
vt 0.616163 0.389101
vt 0.635148 0.441350
vt 0.615296 0.440745
vt 0.632947 0.493427
vt 0.612850 0.492055
vt 0.628432 0.543815
vt 0.607968 0.541430
vt 0.701527 0.495889
vt 0.701271 0.548110
vt 0.681995 0.547527
vt 0.681383 0.596016
vt 0.701425 0.596961
vt 0.701817 0.642694
vt 0.681011 0.641424
vt 0.661209 0.594553
vt 0.641131 0.592979
vt 0.657593 0.639483
vt 0.634113 0.637680
vt 0.621465 0.590858
vt 0.600605 0.587621
vt 0.613312 0.635464
vt 0.591984 0.631906
vt 0.215880 0.818080
vt 0.208837 0.820152
vt 0.312844 0.132167
vt 0.329331 0.136605
vt 0.309268 0.161921
vt 0.297504 0.127174
vt 0.323633 0.169080
vt 0.301758 0.183456
vt 0.241978 0.776207
vt 0.220115 0.761824
vt 0.234664 0.754805
vt 0.227623 0.783351
vt 0.205412 0.771203
vt 0.287056 0.174065
vt 0.247663 0.808673
vt 0.231207 0.813097
vt 0.693430 0.077647
vt 0.673540 0.095932
vt 0.671347 0.074031
vt 0.694879 0.097997
vt 0.640114 0.077076
vt 0.657669 0.095804
vt 0.655493 0.073286
vt 0.617928 0.074998
vt 0.638952 0.066329
vt 0.290480 0.125101
vt 0.284241 0.148935
vt 0.277534 0.165356
vt 0.670369 0.063240
vt 0.692731 0.067539
vt 0.195889 0.779905
vt 0.202590 0.796324
vt 0.202709 0.820504
vt 0.822246 0.073831
vt 0.723332 0.643019
vt 0.854544 0.630407
vt 0.785631 0.061391
vt 0.316307 0.190487
vt 0.654398 0.062140
vt 0.604586 0.305982
vt 0.597446 0.355093
vt 0.591600 0.305327
vt 0.251342 0.487885
vt 0.236283 0.441773
vt 0.263384 0.442392
vt 0.229983 0.486389
vt 0.202312 0.441857
vt 0.265353 0.485639
vt 0.251583 0.525910
vt 0.256712 0.483994
vt 0.301106 0.528634
vt 0.262238 0.526639
vt 0.304568 0.483994
vt 0.309545 0.527435
vt 0.314589 0.483541
vt 0.344720 0.522947
vt 0.366160 0.474029
vt 0.341820 0.476765
vt 0.584426 0.810054
vt 0.541363 0.793277
vt 0.586489 0.801683
vt 0.579298 0.834277
vt 0.540385 0.802923
vt 0.535443 0.863195
vt 0.536234 0.830203
vt 0.580839 0.859289
vt 0.539274 0.871920
vt 0.491850 0.297392
vt 0.517504 0.344023
vt 0.476560 0.338657
vt 0.544198 0.306735
vt 0.516915 0.300289
vt 0.553931 0.307485
vt 0.549004 0.353794
vt 0.557503 0.354952
vt 0.589011 0.240437
vt 0.580345 0.240683
vt 0.242171 0.554352
vt 0.205510 0.552064
vt 0.224010 0.552751
vt 0.272757 0.417691
vt 0.280419 0.419401
vt 0.316529 0.422881
vt 0.325050 0.423153
vt 0.367231 0.427918
vt 0.342974 0.423507
vt 0.628688 0.817194
vt 0.632505 0.809902
vt 0.626350 0.836761
vt 0.626974 0.852939
vt 0.583705 0.867228
vt 0.513697 0.249742
vt 0.491942 0.252983
vt 0.532641 0.248766
vt 0.541304 0.247528
vt 0.371607 0.335280
vt 0.379381 0.386378
vt 0.355917 0.382824
vt 0.719293 0.822813
vt 0.671857 0.827231
vt 0.673859 0.817450
vt 0.719693 0.830016
vt 0.670986 0.839646
vt 0.720344 0.842166
vt 0.671290 0.852423
vt 0.720130 0.860321
vt 0.720769 0.852641
vt 0.485255 0.155400
vt 0.480031 0.209616
vt 0.461331 0.162564
vt 0.502131 0.151152
vt 0.501693 0.204439
vt 0.510304 0.148829
vt 0.520522 0.201177
vt 0.538550 0.139214
vt 0.529004 0.198342
vt 0.548291 0.136302
vt 0.559827 0.188404
vt 0.217530 0.662262
vt 0.238821 0.611796
vt 0.232827 0.664663
vt 0.201626 0.657630
vt 0.220809 0.610334
vt 0.310949 0.318156
vt 0.300185 0.366886
vt 0.292433 0.363315
vt 0.320369 0.318563
vt 0.330442 0.376471
vt 0.347564 0.328046
vt 0.339042 0.378647
vt 0.356262 0.330771
vt 0.411744 0.264729
vt 0.415230 0.307724
vt 0.391104 0.299674
vt 0.784381 0.836334
vt 0.756216 0.826668
vt 0.790675 0.828890
vt 0.783125 0.845934
vt 0.756838 0.834350
vt 0.782351 0.853389
vt 0.756463 0.844306
vt 0.781174 0.861032
vt 0.756258 0.852594
vt 0.431361 0.105402
vt 0.466853 0.117808
vt 0.444016 0.130150
vt 0.466915 0.088943
vt 0.448598 0.086987
vt 0.477824 0.087294
vt 0.484004 0.114593
vt 0.504141 0.074802
vt 0.492924 0.113029
vt 0.510805 0.070491
vt 0.519498 0.101836
vt 0.211160 0.737565
vt 0.230513 0.706985
vt 0.225589 0.739251
vt 0.195718 0.736073
vt 0.213826 0.704988
vt 0.351114 0.249510
vt 0.342449 0.280826
vt 0.333655 0.279013
vt 0.359548 0.252705
vt 0.365457 0.290118
vt 0.382395 0.264107
vt 0.373817 0.293878
vt 0.392732 0.264914
vt 0.671442 0.861102
vt 0.567836 0.186445
vt 0.559803 0.384762
vt 0.597636 0.386522
vt 0.607699 0.387046
vt 0.238082 0.406441
vt 0.271617 0.409475
vt 0.197643 0.403683
vt 0.251267 0.564467
vt 0.260903 0.566090
vt 0.300601 0.561038
vt 0.309506 0.559466
vt 0.351078 0.556787
vt 0.381216 0.516294
vt 0.408384 0.546000
vt 0.502062 0.789412
vt 0.493443 0.799292
vt 0.497288 0.829977
vt 0.493189 0.864167
vt 0.499686 0.874728
vt 0.518427 0.377675
vt 0.450828 0.369147
vt 0.550786 0.384775
vt 0.559399 0.424455
vt 0.598088 0.424455
vt 0.606569 0.424455
vt 0.238677 0.369787
vt 0.278437 0.372379
vt 0.195718 0.366987
vt 0.252294 0.601059
vt 0.260563 0.601059
vt 0.300037 0.601059
vt 0.308554 0.601059
vt 0.361580 0.601059
vt 0.451671 0.576842
vt 0.450347 0.786511
vt 0.439583 0.795272
vt 0.444931 0.828490
vt 0.436830 0.863132
vt 0.445047 0.875132
vt 0.519517 0.424455
vt 0.405230 0.402451
vt 0.551201 0.424455
vt 0.250115 0.963051
vt 0.264763 0.953392
vt 0.264577 0.966988
vt 0.426660 0.827173
vt 0.421497 0.875132
vt 0.415476 0.863711
vt 0.372702 0.424455
vt 0.384562 0.416749
vt 0.427646 0.783903
vt 0.418846 0.793199
vt 0.470810 0.591961
vt 0.484406 0.601059
vt 0.279845 0.962750
vt 0.250115 0.932092
vt 0.265946 0.912875
vt 0.264878 0.934100
vt 0.276986 0.934263
vt 0.481014 0.064174
vt 0.503994 0.067719
vt 0.358668 0.245617
vt 0.251220 0.910798
vt 0.266318 0.890381
vt 0.277747 0.911527
vt 0.250603 0.891177
vt 0.266082 0.875901
vt 0.279223 0.890932
vt 0.803095 0.853381
vt 0.804144 0.846099
vt 0.442119 0.073497
vt 0.421553 0.084127
vt 0.460056 0.065605
vt 0.804664 0.839180
vt 0.419053 0.251327
vt 0.438222 0.264140
vt 0.400031 0.243457
vt 0.197665 0.702128
vt 0.397061 0.342200
vt 0.755036 0.860031
vt 0.527570 0.098701
vt 0.377809 0.240641
vt 0.432351 0.275376
vt 0.272480 0.862665
vt 0.279690 0.868042
vt 0.253700 0.868498
vt 0.257844 0.862385
vt 0.278607 0.954185
vt 0.250127 0.955595
vt 0.803082 0.860321
vt 0.265443 0.860503
vt 0.802510 0.831003
vt 0.412491 0.783911
vt 0.407059 0.791589
vt 0.416163 0.826273
vt 0.408136 0.874173
vt 0.404594 0.866699
vt 0.597446 0.493817
vt 0.604586 0.542928
vt 0.591600 0.543583
vt 0.266564 0.254333
vt 0.245648 0.298100
vt 0.245192 0.253044
vt 0.211974 0.293607
vt 0.219917 0.252139
vt 0.251583 0.676208
vt 0.265353 0.716479
vt 0.256712 0.718124
vt 0.301106 0.673485
vt 0.304568 0.718124
vt 0.309545 0.674684
vt 0.314589 0.718578
vt 0.344720 0.679171
vt 0.341820 0.725354
vt 0.366160 0.728089
vt 0.684782 0.914050
vt 0.641719 0.930827
vt 0.639656 0.922456
vt 0.685760 0.923697
vt 0.646847 0.955050
vt 0.690702 0.983968
vt 0.645306 0.980062
vt 0.686871 0.992693
vt 0.642440 0.988001
vt 0.491850 0.551518
vt 0.517504 0.504887
vt 0.516916 0.548621
vt 0.544199 0.542175
vt 0.549004 0.495116
vt 0.553931 0.541425
vt 0.557503 0.493958
vt 0.589012 0.608472
vt 0.580345 0.608226
vt 0.266099 0.187237
vt 0.247884 0.186467
vt 0.229451 0.184747
vt 0.272757 0.784427
vt 0.280419 0.782717
vt 0.316529 0.779237
vt 0.325050 0.778966
vt 0.342974 0.778611
vt 0.367231 0.774200
vt 0.597457 0.937967
vt 0.593641 0.930676
vt 0.599795 0.957534
vt 0.599171 0.973712
vt 0.598368 0.984973
vt 0.513697 0.599168
vt 0.491942 0.595927
vt 0.532641 0.600144
vt 0.541304 0.601382
vt 0.371607 0.866838
vt 0.379381 0.815740
vt 0.397061 0.859918
vt 0.506852 0.943587
vt 0.554288 0.948004
vt 0.506452 0.950789
vt 0.555159 0.960419
vt 0.505801 0.962939
vt 0.554855 0.973197
vt 0.505376 0.973414
vt 0.506015 0.981094
vt 0.480031 0.639294
vt 0.485255 0.693510
vt 0.461331 0.686346
vt 0.501693 0.644471
vt 0.502132 0.697758
vt 0.520523 0.647733
vt 0.510305 0.700081
vt 0.529004 0.650568
vt 0.538550 0.709696
vt 0.559827 0.660506
vt 0.548291 0.712608
vt 0.270234 0.129845
vt 0.255673 0.077042
vt 0.271153 0.076647
vt 0.252185 0.128956
vt 0.239302 0.079571
vt 0.310949 0.883962
vt 0.300185 0.835232
vt 0.320369 0.883555
vt 0.330442 0.825647
vt 0.347564 0.874072
vt 0.339042 0.823471
vt 0.356263 0.871347
vt 0.355917 0.819294
vt 0.411744 0.937390
vt 0.415230 0.894394
vt 0.432351 0.926742
vt 0.469929 0.947442
vt 0.441764 0.957107
vt 0.435470 0.949663
vt 0.469307 0.955123
vt 0.443020 0.966707
vt 0.469682 0.965079
vt 0.443794 0.974162
vt 0.469887 0.973367
vt 0.444971 0.981805
vt 0.431361 0.743508
vt 0.466853 0.731102
vt 0.448599 0.761923
vt 0.466915 0.759966
vt 0.484005 0.734317
vt 0.477825 0.761616
vt 0.492925 0.735881
vt 0.504142 0.774108
vt 0.519498 0.747074
vt 0.510805 0.778419
vt 0.274352 0.034383
vt 0.259132 0.001549
vt 0.273658 0.001751
vt 0.257547 0.034197
vt 0.243627 0.001024
vt 0.351114 0.952608
vt 0.342449 0.921292
vt 0.359548 0.949413
vt 0.365457 0.912000
vt 0.382395 0.938011
vt 0.373817 0.908240
vt 0.392732 0.937204
vt 0.391104 0.902444
vt 0.552286 0.938223
vt 0.554703 0.981875
vt 0.567836 0.662465
vt 0.234640 0.127635
vt 0.292433 0.838803
vt 0.559803 0.464148
vt 0.607699 0.461864
vt 0.597636 0.462388
vt 0.242845 0.333366
vt 0.272599 0.301004
vt 0.276490 0.334711
vt 0.251267 0.637651
vt 0.262238 0.675479
vt 0.300601 0.641080
vt 0.260903 0.636029
vt 0.309506 0.642652
vt 0.351078 0.645331
vt 0.381216 0.685824
vt 0.724083 0.910186
vt 0.728857 0.950751
vt 0.732703 0.920065
vt 0.689911 0.950976
vt 0.726459 0.995502
vt 0.732956 0.984940
vt 0.518427 0.471235
vt 0.476560 0.510253
vt 0.450828 0.479763
vt 0.550786 0.464135
vt 0.202391 0.330851
vt 0.408384 0.656118
vt 0.775799 0.907284
vt 0.781214 0.949263
vt 0.786562 0.916046
vt 0.781098 0.995906
vt 0.789315 0.983906
vt 0.405230 0.446459
vt 0.110978 0.426706
vt 0.096330 0.417046
vt 0.110966 0.419249
vt 0.799485 0.947946
vt 0.810669 0.984485
vt 0.807299 0.913973
vt 0.804648 0.995906
vt 0.384562 0.432161
vt 0.798500 0.904676
vt 0.470810 0.610157
vt 0.081247 0.426405
vt 0.096515 0.430643
vt 0.095147 0.376530
vt 0.110978 0.395746
vt 0.096215 0.397754
vt 0.084107 0.397918
vt 0.083345 0.375182
vt 0.503995 0.781191
vt 0.481014 0.784735
vt 0.358668 0.956502
vt 0.109872 0.374452
vt 0.094774 0.354036
vt 0.110489 0.354832
vt 0.095011 0.339556
vt 0.081870 0.354587
vt 0.081402 0.331697
vt 0.423050 0.974154
vt 0.422001 0.966873
vt 0.442120 0.775413
vt 0.421553 0.764783
vt 0.460056 0.783305
vt 0.421481 0.959953
vt 0.438223 0.937979
vt 0.419053 0.950791
vt 0.400031 0.958661
vt 0.241151 0.034935
vt 0.333655 0.923105
vt 0.471109 0.980804
vt 0.444017 0.718760
vt 0.527570 0.750209
vt 0.377809 0.961477
vt 0.088613 0.326319
vt 0.103249 0.326040
vt 0.107393 0.332153
vt 0.423063 0.981094
vt 0.095649 0.324157
vt 0.423635 0.951776
vt 0.813654 0.904685
vt 0.819086 0.912363
vt 0.809982 0.947047
vt 0.821551 0.987472
vt 0.818009 0.994947
vt 0.451671 0.625276
vt 0.607389 0.353098
vt 0.204804 0.484005
vt 0.627777 0.864200
vt 0.203241 0.609367
vt 0.607389 0.495812
vt 0.082485 0.417839
vt 0.192290 0.696068
vt 0.178264 0.782432
vt 0.178688 0.695875
vt 0.163313 0.868782
vt 0.177859 0.868984
vt 0.166836 0.020282
vt 0.175504 0.042596
vt 0.170504 0.044471
vt 0.180133 0.267642
vt 0.191644 0.212740
vt 0.191849 0.267747
vt 0.179668 0.162119
vt 0.187348 0.113284
vt 0.190397 0.163018
vt 0.179954 0.377639
vt 0.166760 0.487434
vt 0.179644 0.487595
vt 0.166333 0.068322
vt 0.160192 0.109077
vt 0.160869 0.068253
vt 0.031844 0.020091
vt 0.028855 0.010916
vt 0.031691 0.010896
vt 0.192368 0.597768
vt 0.179160 0.597579
vt 0.153922 0.487201
vt 0.167575 0.377522
vt 0.192337 0.782629
vt 0.164190 0.782235
vt 0.147599 0.868487
vt 0.149034 0.781948
vt 0.192535 0.487755
vt 0.165086 0.695681
vt 0.152098 0.597144
vt 0.165953 0.597389
vt 0.168942 0.161220
vt 0.158480 0.212341
vt 0.159339 0.160516
vt 0.162451 0.955329
vt 0.145446 0.998292
vt 0.146163 0.955025
vt 0.192405 0.869186
vt 0.177470 0.955537
vt 0.125037 0.596681
vt 0.135851 0.695197
vt 0.122250 0.694939
vt 0.155745 0.377281
vt 0.146723 0.267177
vt 0.157568 0.267303
vt 0.119162 0.376543
vt 0.128200 0.486742
vt 0.115311 0.486475
vt 0.177298 0.111599
vt 0.168412 0.267537
vt 0.180233 0.212643
vt 0.164874 0.044575
vt 0.150469 0.695409
vt 0.161960 0.002505
vt 0.166666 0.010906
vt 0.164657 0.010916
vt 0.168826 0.212546
vt 0.162024 0.998601
vt 0.177280 0.998812
vt 0.192490 0.955745
vt 0.192535 0.999023
vt 0.169021 0.109944
vt 0.108649 0.694681
vt 0.119804 0.781462
vt 0.105731 0.781192
vt 0.173224 0.066851
vt 0.180110 0.065378
vt 0.131883 0.868261
vt 0.117338 0.867980
vt 0.147094 0.042125
vt 0.156497 0.020111
vt 0.152029 0.044165
vt 0.135005 0.266894
vt 0.125321 0.211640
vt 0.136729 0.211922
vt 0.138969 0.161444
vt 0.132912 0.112381
vt 0.143013 0.111031
vt 0.123292 0.266610
vt 0.131537 0.376836
vt 0.141083 0.487008
vt 0.161262 0.044558
vt 0.157652 0.044455
vt 0.161668 0.020091
vt 0.111831 0.596432
vt 0.143913 0.377129
vt 0.102793 0.867700
vt 0.133877 0.781732
vt 0.149719 0.160901
vt 0.148132 0.212203
vt 0.129875 0.954789
vt 0.128867 0.998051
vt 0.114857 0.954498
vt 0.099839 0.954208
vt 0.014352 0.597579
vt 0.028426 0.695681
vt 0.014824 0.695875
vt 0.037767 0.377281
vt 0.025100 0.267537
vt 0.035943 0.267303
vt 0.001180 0.377757
vt 0.013868 0.487595
vt 0.000977 0.487755
vt 0.138243 0.596930
vt 0.151340 0.109651
vt 0.158986 0.010822
vt 0.156978 0.010745
vt 0.113613 0.997756
vt 0.001222 0.696068
vt 0.015248 0.782432
vt 0.001175 0.782629
vt 0.128216 0.161987
vt 0.148568 0.066442
vt 0.155406 0.068140
vt 0.141735 0.064742
vt 0.030199 0.868782
vt 0.015653 0.868984
vt 0.018008 0.042596
vt 0.026676 0.020282
vt 0.023008 0.044471
vt 0.013379 0.267642
vt 0.001868 0.212740
vt 0.013279 0.212643
vt 0.013844 0.162119
vt 0.006164 0.113284
vt 0.016214 0.111599
vt 0.001662 0.267747
vt 0.013558 0.377639
vt 0.026752 0.487434
vt 0.032249 0.044558
vt 0.028638 0.044575
vt 0.034526 0.010822
vt 0.037015 0.020111
vt 0.001144 0.597768
vt 0.039590 0.487201
vt 0.025937 0.377522
vt 0.001106 0.869186
vt 0.029322 0.782235
vt 0.045913 0.868487
vt 0.044478 0.781948
vt 0.043043 0.695409
vt 0.041413 0.597144
vt 0.024570 0.161220
vt 0.035032 0.212341
vt 0.024685 0.212546
vt 0.031061 0.955329
vt 0.048066 0.998292
vt 0.031488 0.998601
vt 0.016042 0.955537
vt 0.001022 0.955745
vt 0.047348 0.955025
vt 0.057661 0.695197
vt 0.068474 0.596681
vt 0.071262 0.694939
vt 0.046789 0.267177
vt 0.049599 0.377129
vt 0.074350 0.376543
vt 0.065312 0.486742
vt 0.061975 0.376836
vt 0.027558 0.597389
vt 0.024491 0.109944
vt 0.031552 0.002505
vt 0.026846 0.010906
vt 0.016232 0.998812
vt 0.034172 0.160516
vt 0.084863 0.694681
vt 0.073708 0.781462
vt 0.003115 0.163018
vt 0.020287 0.066851
vt 0.027178 0.068322
vt 0.013402 0.065378
vt 0.061629 0.868261
vt 0.076174 0.867980
vt 0.046418 0.042125
vt 0.041483 0.044165
vt 0.058507 0.266894
vt 0.068191 0.211640
vt 0.070220 0.266610
vt 0.054543 0.161444
vt 0.060600 0.112381
vt 0.065296 0.161987
vt 0.052429 0.487008
vt 0.038106 0.068140
vt 0.033319 0.109077
vt 0.032642 0.068253
vt 0.161821 0.010896
vt 0.081681 0.596432
vt 0.087781 0.781192
vt 0.059635 0.781732
vt 0.078201 0.486475
vt 0.055269 0.596930
vt 0.043793 0.160901
vt 0.063637 0.954788
vt 0.090719 0.867700
vt 0.078655 0.954498
vt 0.192332 0.377757
vt 0.050499 0.111031
vt 0.056783 0.211922
vt 0.035860 0.044455
vt 0.036534 0.010745
vt 0.045379 0.212203
vt 0.064645 0.998051
vt 0.079899 0.997756
vt 0.093673 0.954208
vt 0.095154 0.997462
vt 0.042172 0.109651
vt 0.044944 0.066442
vt 0.051777 0.064742
vt 0.153221 0.019562
vt 0.023384 0.019843
vt 0.170128 0.019843
vt 0.098358 0.997461
vt 0.000977 0.999023
vt 0.040290 0.019562
s 1
usemtl sword_mat
f 2/1/1 68/2/2 67/3/3
f 2/1/1 69/4/4 68/2/2
f 2/1/1 70/5/5 69/4/4
f 2/1/1 71/6/6 70/5/5
f 2/1/1 72/7/7 71/6/6
f 2/1/1 73/8/8 72/7/7
f 2/1/1 74/9/9 73/8/8
f 2/1/1 75/10/10 74/9/9
f 2/1/1 76/11/11 75/10/10
f 2/1/1 77/12/12 76/11/11
f 2/1/1 78/13/13 77/12/12
f 2/1/1 79/14/14 78/13/13
f 2/1/1 80/15/15 79/14/14
f 2/1/1 81/16/16 80/15/15
f 2/1/1 66/17/17 81/16/16
f 66/17/17 83/18/18 113/19/19
f 34/20/20 4/21/21 3/22/22
f 2/1/1 67/3/3 66/17/17
f 65/23/23 18/24/24 50/25/25
f 32/26/26 65/23/23 64/27/27
f 31/28/28 64/27/27 63/29/29
f 30/30/30 63/29/29 62/31/31
f 61/32/32 30/33/30 62/34/31
f 28/35/33 61/32/32 60/36/34
f 27/37/35 60/36/34 59/38/36
f 26/39/37 59/38/36 58/40/38
f 57/41/39 26/39/37 58/40/38
f 24/42/40 57/41/39 56/43/41
f 23/44/42 56/43/41 55/45/43
f 22/46/44 55/45/43 54/47/45
f 53/48/46 22/49/44 54/50/45
f 20/51/47 53/48/46 52/52/48
f 19/53/49 52/52/48 51/54/50
f 36/55/51 4/21/21 35/56/52
f 36/55/51 6/57/53 5/58/54
f 38/59/55 6/60/53 37/61/56
f 38/59/55 8/62/57 7/63/58
f 40/64/59 8/62/57 39/65/60
f 40/64/59 10/66/61 9/67/62
f 42/68/63 10/66/61 41/69/64
f 42/68/63 12/70/65 11/71/66
f 44/72/67 12/70/65 43/73/68
f 44/72/67 14/74/69 13/75/70
f 46/76/71 14/77/69 45/78/72
f 46/76/71 16/79/73 15/80/74
f 48/81/75 16/79/73 47/82/76
f 48/81/75 1/83/77 17/84/78
f 113/19/19 19/85/49 18/86/24
f 112/87/79 35/56/52 34/20/20
f 108/88/80 35/56/52 110/89/81
f 108/88/80 37/90/56 36/55/51
f 104/91/82 37/61/56 106/92/83
f 104/91/82 39/65/60 38/59/55
f 100/93/84 39/65/60 102/94/85
f 100/93/84 41/69/64 40/64/59
f 96/95/86 41/69/64 98/96/87
f 96/95/86 43/73/68 42/68/63
f 92/97/88 43/73/68 94/98/89
f 92/97/88 45/99/72 44/72/67
f 88/100/90 45/78/72 90/101/91
f 88/100/90 47/82/76 46/76/71
f 84/102/92 47/82/76 86/103/93
f 84/102/92 49/104/94 48/81/75
f 18/24/24 51/54/50 50/25/25
f 51/54/50 82/105/95 50/25/25
f 65/23/23 82/105/95 84/102/92
f 111/106/96 66/17/17 113/19/19
f 65/23/23 86/103/93 64/27/27
f 80/15/15 111/106/96 109/107/97
f 63/29/29 86/103/93 88/100/90
f 107/108/98 80/15/15 109/107/97
f 63/29/29 90/101/91 62/31/31
f 78/13/13 107/108/98 105/109/99
f 61/32/32 90/110/91 92/97/88
f 103/111/100 78/13/13 105/109/99
f 61/32/32 94/98/89 60/36/34
f 76/11/11 103/111/100 101/112/101
f 59/38/36 94/98/89 96/95/86
f 99/113/102 76/11/11 101/112/101
f 59/38/36 98/96/87 58/40/38
f 74/9/9 99/113/102 97/114/103
f 57/41/39 98/96/87 100/93/84
f 95/115/104 74/9/9 97/114/103
f 57/41/39 102/94/85 56/43/41
f 72/7/7 95/115/104 93/116/105
f 55/45/43 102/94/85 104/91/82
f 91/117/106 72/7/7 93/116/105
f 55/45/43 106/92/83 54/47/45
f 70/5/5 91/117/106 89/118/107
f 53/48/46 106/119/83 108/88/80
f 87/120/108 70/5/5 89/118/107
f 53/48/46 110/89/81 52/52/48
f 68/2/2 87/120/108 85/121/109
f 51/54/50 110/89/81 112/87/79
f 83/18/18 68/2/2 85/121/109
f 85/121/109 19/85/49 83/18/18
f 85/121/109 21/122/110 20/123/47
f 89/118/107 21/122/110 87/120/108
f 89/118/107 23/124/42 22/125/44
f 93/116/105 23/124/42 91/117/106
f 93/116/105 25/126/111 24/127/40
f 97/114/103 25/126/111 95/115/104
f 97/114/103 27/128/35 26/129/37
f 101/112/101 27/128/35 99/113/102
f 101/112/101 29/130/112 28/131/33
f 105/109/99 29/130/112 103/111/100
f 105/109/99 31/132/28 30/133/30
f 109/107/97 31/132/28 107/108/98
f 109/107/97 33/134/113 32/135/26
f 113/19/19 33/134/113 111/106/96
f 112/87/79 49/104/94 82/105/95
f 34/20/20 1/83/77 49/104/94
f 66/17/17 67/3/3 83/18/18
f 34/20/20 35/56/52 4/21/21
f 65/23/23 33/136/113 18/24/24
f 32/26/26 33/136/113 65/23/23
f 31/28/28 32/26/26 64/27/27
f 30/30/30 31/28/28 63/29/29
f 61/32/32 29/137/112 30/33/30
f 28/35/33 29/137/112 61/32/32
f 27/37/35 28/35/33 60/36/34
f 26/39/37 27/37/35 59/38/36
f 57/41/39 25/138/111 26/39/37
f 24/42/40 25/138/111 57/41/39
f 23/44/42 24/42/40 56/43/41
f 22/46/44 23/44/42 55/45/43
f 53/48/46 21/139/110 22/49/44
f 20/51/47 21/139/110 53/48/46
f 19/53/49 20/51/47 52/52/48
f 36/55/51 5/58/54 4/21/21
f 36/55/51 37/90/56 6/57/53
f 38/59/55 7/63/58 6/60/53
f 38/59/55 39/65/60 8/62/57
f 40/64/59 9/67/62 8/62/57
f 40/64/59 41/69/64 10/66/61
f 42/68/63 11/71/66 10/66/61
f 42/68/63 43/73/68 12/70/65
f 44/72/67 13/75/70 12/70/65
f 44/72/67 45/99/72 14/74/69
f 46/76/71 15/80/74 14/77/69
f 46/76/71 47/82/76 16/79/73
f 48/81/75 17/84/78 16/79/73
f 48/81/75 49/104/94 1/83/77
f 113/19/19 83/18/18 19/85/49
f 112/87/79 110/89/81 35/56/52
f 108/88/80 36/55/51 35/56/52
f 108/88/80 106/119/83 37/90/56
f 104/91/82 38/59/55 37/61/56
f 104/91/82 102/94/85 39/65/60
f 100/93/84 40/64/59 39/65/60
f 100/93/84 98/96/87 41/69/64
f 96/95/86 42/68/63 41/69/64
f 96/95/86 94/98/89 43/73/68
f 92/97/88 44/72/67 43/73/68
f 92/97/88 90/110/91 45/99/72
f 88/100/90 46/76/71 45/78/72
f 88/100/90 86/103/93 47/82/76
f 84/102/92 48/81/75 47/82/76
f 84/102/92 82/105/95 49/104/94
f 18/24/24 19/53/49 51/54/50
f 51/54/50 112/87/79 82/105/95
f 65/23/23 50/25/25 82/105/95
f 111/106/96 81/16/16 66/17/17
f 65/23/23 84/102/92 86/103/93
f 80/15/15 81/16/16 111/106/96
f 63/29/29 64/27/27 86/103/93
f 107/108/98 79/14/14 80/15/15
f 63/29/29 88/100/90 90/101/91
f 78/13/13 79/14/14 107/108/98
f 61/32/32 62/34/31 90/110/91
f 103/111/100 77/12/12 78/13/13
f 61/32/32 92/97/88 94/98/89
f 76/11/11 77/12/12 103/111/100
f 59/38/36 60/36/34 94/98/89
f 99/113/102 75/10/10 76/11/11
f 59/38/36 96/95/86 98/96/87
f 74/9/9 75/10/10 99/113/102
f 57/41/39 58/40/38 98/96/87
f 95/115/104 73/8/8 74/9/9
f 57/41/39 100/93/84 102/94/85
f 72/7/7 73/8/8 95/115/104
f 55/45/43 56/43/41 102/94/85
f 91/117/106 71/6/6 72/7/7
f 55/45/43 104/91/82 106/92/83
f 70/5/5 71/6/6 91/117/106
f 53/48/46 54/50/45 106/119/83
f 87/120/108 69/4/4 70/5/5
f 53/48/46 108/88/80 110/89/81
f 68/2/2 69/4/4 87/120/108
f 51/54/50 52/52/48 110/89/81
f 83/18/18 67/3/3 68/2/2
f 85/121/109 20/123/47 19/85/49
f 85/121/109 87/120/108 21/122/110
f 89/118/107 22/125/44 21/122/110
f 89/118/107 91/117/106 23/124/42
f 93/116/105 24/127/40 23/124/42
f 93/116/105 95/115/104 25/126/111
f 97/114/103 26/129/37 25/126/111
f 97/114/103 99/113/102 27/128/35
f 101/112/101 28/131/33 27/128/35
f 101/112/101 103/111/100 29/130/112
f 105/109/99 30/133/30 29/130/112
f 105/109/99 107/108/98 31/132/28
f 109/107/97 32/135/26 31/132/28
f 109/107/97 111/106/96 33/134/113
f 113/19/19 18/86/24 33/134/113
f 112/87/79 34/20/20 49/104/94
f 34/20/20 3/22/22 1/83/77
f 177/140/114 115/141/115 175/142/116
f 125/143/117 127/144/118 123/145/119
f 129/146/120 131/147/121 127/144/118
f 133/148/122 135/149/123 131/147/121
f 137/150/124 139/151/125 135/149/123
f 141/152/126 143/153/127 139/151/125
f 145/154/128 147/155/129 143/153/127
f 149/156/130 151/157/131 147/155/129
f 153/158/132 155/159/133 151/157/131
f 157/160/134 159/161/135 155/159/133
f 161/162/136 163/163/137 159/161/135
f 165/164/138 167/165/139 163/163/137
f 169/166/140 171/167/141 167/165/139
f 173/168/142 175/142/116 171/167/141
f 121/169/143 123/145/119 119/170/144
f 115/171/115 118/172/145 114/173/146
f 117/174/147 120/175/148 121/169/143
f 123/145/119 118/172/145 119/170/144
f 125/143/117 120/175/148 124/176/149
f 123/145/119 126/177/150 122/178/151
f 125/143/117 128/179/152 129/146/120
f 131/147/121 126/177/150 127/144/118
f 133/148/122 128/179/152 132/180/153
f 131/147/121 134/181/154 130/182/155
f 133/148/122 136/183/156 137/150/124
f 139/151/125 134/181/154 135/149/123
f 141/152/126 136/183/156 140/184/157
f 139/151/125 142/185/158 138/186/159
f 141/152/126 144/187/160 145/154/128
f 147/155/129 142/185/158 143/153/127
f 149/156/130 144/187/160 148/188/161
f 147/155/129 150/189/162 146/190/163
f 149/156/130 152/191/164 153/158/132
f 155/159/133 150/189/162 151/157/131
f 157/160/134 152/191/164 156/192/165
f 155/159/133 158/193/166 154/194/167
f 157/160/134 160/195/168 161/162/136
f 163/163/137 158/193/166 159/161/135
f 165/164/138 160/195/168 164/196/169
f 163/163/137 166/197/170 162/198/171
f 165/164/138 168/199/172 169/166/140
f 171/167/141 166/197/170 167/165/139
f 173/168/142 168/199/172 172/200/173
f 171/167/141 174/201/174 170/202/175
f 173/168/142 176/203/176 177/140/114
f 115/141/115 174/201/174 175/142/116
f 117/204/147 176/203/176 116/205/177
f 116/206/177 178/207/1 120/208/148
f 116/206/177 180/209/1 179/210/1
f 172/211/173 180/209/1 176/212/176
f 172/211/173 182/213/1 181/214/1
f 164/215/169 182/213/1 168/216/172
f 164/215/169 184/217/1 183/218/1
f 156/219/165 184/217/1 160/220/168
f 156/219/165 186/221/1 185/222/1
f 148/223/161 186/221/1 152/224/164
f 148/223/161 188/225/1 187/226/1
f 140/227/157 188/225/1 144/228/160
f 140/227/157 190/229/1 189/230/1
f 132/231/153 190/229/1 136/232/156
f 132/231/153 192/233/1 191/234/1
f 124/235/149 192/233/1 128/236/152
f 124/235/149 178/207/1 193/237/1
f 114/238/146 195/239/178 194/240/178
f 122/241/151 195/239/178 118/242/145
f 122/241/151 197/243/178 196/244/178
f 130/245/155 197/243/178 126/246/150
f 130/245/155 199/247/178 198/248/178
f 138/249/159 199/247/178 134/250/154
f 138/249/159 201/251/178 200/252/178
f 146/253/163 201/251/178 142/254/158
f 146/253/163 203/255/178 202/256/178
f 154/257/167 203/255/178 150/258/162
f 154/257/167 205/259/178 204/260/178
f 162/261/171 205/259/178 158/262/166
f 162/261/171 207/263/178 206/264/178
f 170/265/175 207/263/178 166/266/170
f 170/265/175 209/267/178 208/268/178
f 114/238/146 209/267/178 174/269/174
f 117/174/147 119/170/144 115/171/115
f 177/140/114 117/204/147 115/141/115
f 125/143/117 129/146/120 127/144/118
f 129/146/120 133/148/122 131/147/121
f 133/148/122 137/150/124 135/149/123
f 137/150/124 141/152/126 139/151/125
f 141/152/126 145/154/128 143/153/127
f 145/154/128 149/156/130 147/155/129
f 149/156/130 153/158/132 151/157/131
f 153/158/132 157/160/134 155/159/133
f 157/160/134 161/162/136 159/161/135
f 161/162/136 165/164/138 163/163/137
f 165/164/138 169/166/140 167/165/139
f 169/166/140 173/168/142 171/167/141
f 173/168/142 177/140/114 175/142/116
f 121/169/143 125/143/117 123/145/119
f 115/171/115 119/170/144 118/172/145
f 117/174/147 116/270/177 120/175/148
f 123/145/119 122/178/151 118/172/145
f 125/143/117 121/169/143 120/175/148
f 123/145/119 127/144/118 126/177/150
f 125/143/117 124/176/149 128/179/152
f 131/147/121 130/182/155 126/177/150
f 133/148/122 129/146/120 128/179/152
f 131/147/121 135/149/123 134/181/154
f 133/148/122 132/180/153 136/183/156
f 139/151/125 138/186/159 134/181/154
f 141/152/126 137/150/124 136/183/156
f 139/151/125 143/153/127 142/185/158
f 141/152/126 140/184/157 144/187/160
f 147/155/129 146/190/163 142/185/158
f 149/156/130 145/154/128 144/187/160
f 147/155/129 151/157/131 150/189/162
f 149/156/130 148/188/161 152/191/164
f 155/159/133 154/194/167 150/189/162
f 157/160/134 153/158/132 152/191/164
f 155/159/133 159/161/135 158/193/166
f 157/160/134 156/192/165 160/195/168
f 163/163/137 162/198/171 158/193/166
f 165/164/138 161/162/136 160/195/168
f 163/163/137 167/165/139 166/197/170
f 165/164/138 164/196/169 168/199/172
f 171/167/141 170/202/175 166/197/170
f 173/168/142 169/166/140 168/199/172
f 171/167/141 175/142/116 174/201/174
f 173/168/142 172/200/173 176/203/176
f 115/141/115 114/271/146 174/201/174
f 117/204/147 177/140/114 176/203/176
f 116/206/177 179/210/1 178/207/1
f 116/206/177 176/212/176 180/209/1
f 172/211/173 181/214/1 180/209/1
f 172/211/173 168/216/172 182/213/1
f 164/215/169 183/218/1 182/213/1
f 164/215/169 160/220/168 184/217/1
f 156/219/165 185/222/1 184/217/1
f 156/219/165 152/224/164 186/221/1
f 148/223/161 187/226/1 186/221/1
f 148/223/161 144/228/160 188/225/1
f 140/227/157 189/230/1 188/225/1
f 140/227/157 136/232/156 190/229/1
f 132/231/153 191/234/1 190/229/1
f 132/231/153 128/236/152 192/233/1
f 124/235/149 193/237/1 192/233/1
f 124/235/149 120/208/148 178/207/1
f 114/238/146 118/242/145 195/239/178
f 122/241/151 196/244/178 195/239/178
f 122/241/151 126/246/150 197/243/178
f 130/245/155 198/248/178 197/243/178
f 130/245/155 134/250/154 199/247/178
f 138/249/159 200/252/178 199/247/178
f 138/249/159 142/254/158 201/251/178
f 146/253/163 202/256/178 201/251/178
f 146/253/163 150/258/162 203/255/178
f 154/257/167 204/260/178 203/255/178
f 154/257/167 158/262/166 205/259/178
f 162/261/171 206/264/178 205/259/178
f 162/261/171 166/266/170 207/263/178
f 170/265/175 208/268/178 207/263/178
f 170/265/175 174/269/174 209/267/178
f 114/238/146 194/240/178 209/267/178
f 117/174/147 121/169/143 119/170/144
f 279/272/179 300/273/180 219/274/181
f 218/275/182 378/276/183 279/272/179
f 301/277/184 284/278/185 378/276/183
f 378/276/183 224/279/186 300/273/180
f 278/280/187 301/277/184 218/275/182
f 217/281/188 379/282/189 278/280/187
f 302/283/190 283/284/191 379/282/189
f 379/282/189 223/285/191 301/277/184
f 277/286/192 302/283/190 217/281/188
f 216/287/193 380/288/194 277/286/192
f 303/289/195 282/290/196 380/288/194
f 380/288/194 222/291/197 302/283/190
f 248/292/198 381/293/199 318/294/200
f 328/295/201 295/296/202 381/293/199
f 381/293/199 214/297/203 326/298/204
f 318/294/200 326/298/204 242/299/205
f 214/297/203 382/300/206 290/301/207
f 274/302/208 291/303/209 382/300/206
f 291/303/209 279/272/179 382/300/206
f 382/300/206 219/274/181 290/301/207
f 213/304/210 383/305/211 291/303/209
f 273/306/212 292/307/213 383/305/211
f 292/307/213 278/280/187 383/305/211
f 383/305/211 218/275/182 291/303/209
f 212/308/214 384/309/215 292/307/213
f 272/310/216 293/311/217 384/309/215
f 293/311/217 277/286/192 384/309/215
f 384/309/215 217/281/188 292/307/213
f 211/312/218 385/313/219 293/311/217
f 271/314/220 294/315/221 385/313/219
f 294/315/221 276/316/222 385/313/219
f 385/313/219 216/287/193 293/311/217
f 386/317/223 237/318/224 316/319/225
f 386/320/223 234/321/226 325/322/227
f 229/323/228 387/324/229 295/296/202
f 289/325/230 296/326/231 387/324/229
f 387/324/229 213/304/210 274/302/208
f 295/296/202 274/302/208 214/297/203
f 228/327/232 388/328/233 296/326/231
f 288/329/232 297/330/234 388/328/233
f 388/328/233 212/308/214 273/306/212
f 296/326/231 273/306/212 213/304/210
f 227/331/235 389/332/236 297/330/234
f 287/333/237 298/334/238 389/332/236
f 389/332/236 211/312/218 272/310/216
f 297/330/234 272/310/216 212/308/214
f 226/335/239 390/336/240 298/334/238
f 286/337/241 299/338/242 390/336/240
f 390/336/240 210/339/243 271/314/220
f 298/334/238 271/314/220 211/312/218
f 276/316/222 303/289/195 216/287/193
f 215/340/244 391/341/245 276/316/222
f 304/342/246 281/343/247 391/341/245
f 391/341/245 221/344/248 303/289/195
f 275/345/249 304/342/246 215/340/244
f 231/346/250 392/347/251 275/345/249
f 305/348/252 280/349/253 392/347/251
f 392/347/251 220/350/254 304/342/246
f 210/339/243 393/351/255 294/315/221
f 270/352/256 306/353/257 393/351/255
f 306/353/257 275/345/249 393/351/255
f 393/351/255 215/340/244 294/315/221
f 225/354/258 394/355/259 299/338/242
f 285/356/260 307/357/261 394/355/259
f 394/355/259 230/358/262 270/352/256
f 299/338/242 270/352/256 210/339/243
f 395/359/263 239/360/264 317/361/265
f 329/362/266 317/361/265 237/318/224
f 238/363/267 396/364/268 311/365/269
f 313/366/270 315/367/271 396/364/268
f 396/364/268 234/321/226 308/368/272
f 311/365/269 308/368/272 235/369/273
f 235/369/273 397/370/274 309/371/275
f 308/368/272 316/372/225 397/370/274
f 316/319/225 310/373/276 397/374/274
f 397/374/274 236/375/277 309/376/275
f 310/373/276 314/377/278 236/375/277
f 237/318/224 398/378/279 310/373/276
f 317/361/265 312/379/280 398/378/279
f 398/378/279 240/380/281 314/377/278
f 327/381/282 322/382/283 244/383/284
f 219/274/181 399/384/285 327/381/282
f 300/273/180 331/385/286 399/384/285
f 399/384/285 246/386/287 322/382/283
f 242/299/205 400/387/288 320/388/289
f 326/298/204 290/301/207 400/387/288
f 290/301/207 327/381/282 400/387/288
f 400/387/288 244/383/284 320/388/289
f 245/389/290 320/388/289 244/383/284
f 318/294/200 249/390/291 248/292/198
f 329/362/266 321/391/292 245/392/293
f 319/393/294 324/394/295 249/395/296
f 247/396/297 322/382/283 246/386/287
f 320/388/289 243/397/298 242/299/205
f 330/398/299 323/399/300 247/400/301
f 321/401/292 325/322/227 243/402/302
f 249/403/291 368/404/303 248/405/198
f 323/406/304 244/383/284 322/382/283
f 324/394/295 369/407/305 249/395/296
f 395/359/263 245/392/293 323/399/300
f 325/322/227 315/367/271 401/408/306
f 401/408/306 241/409/307 324/394/295
f 352/410/308 341/411/309 259/412/310
f 224/279/186 402/413/311 352/410/308
f 284/278/185 353/414/312 402/413/311
f 402/413/311 258/415/313 341/411/309
f 353/414/312 340/416/314 258/415/313
f 223/285/191 403/417/315 353/414/312
f 283/284/191 354/418/316 403/417/315
f 403/417/315 257/419/317 340/416/314
f 354/418/316 339/420/318 257/419/317
f 222/291/197 404/421/319 354/418/316
f 282/290/196 355/422/320 404/421/319
f 404/421/319 256/423/321 339/420/318
f 248/405/198 405/424/322 328/425/201
f 368/404/303 375/426/323 405/424/322
f 405/424/322 254/427/324 347/428/325
f 328/425/201 347/428/325 229/429/228
f 254/427/324 406/430/326 336/431/327
f 259/412/310 406/430/326 342/432/328
f 341/411/309 343/433/329 406/430/326
f 336/431/327 343/433/329 253/434/330
f 253/434/330 407/435/331 335/436/332
f 258/415/313 407/435/331 343/433/329
f 340/416/314 344/437/333 407/435/331
f 335/436/332 344/437/333 252/438/334
f 252/438/334 408/439/335 334/440/336
f 257/419/317 408/439/335 344/437/333
f 339/420/318 345/441/337 408/439/335
f 334/440/336 345/441/337 251/442/338
f 251/442/338 409/443/339 333/444/340
f 256/423/321 409/443/339 345/441/337
f 338/445/341 346/446/342 409/443/339
f 333/444/340 346/446/342 250/447/343
f 262/448/344 410/449/345 374/450/346
f 410/451/345 265/452/347 377/453/348
f 229/429/228 411/454/349 289/455/230
f 347/428/325 336/431/327 411/454/349
f 411/454/349 253/434/330 348/456/350
f 289/455/230 348/456/350 228/457/232
f 228/457/232 412/458/351 288/459/232
f 348/456/350 335/436/332 412/458/351
f 412/458/351 252/438/334 349/460/352
f 288/459/232 349/460/352 227/461/235
f 227/461/235 413/462/353 287/463/237
f 349/460/352 334/440/336 413/462/353
f 413/462/353 251/442/338 350/464/354
f 287/463/237 350/464/354 226/465/239
f 226/465/239 414/466/355 286/467/241
f 350/464/354 333/444/340 414/466/355
f 414/466/355 250/447/343 351/468/356
f 286/467/241 351/468/356 225/469/258
f 355/422/320 338/445/341 256/423/321
f 221/344/248 415/470/357 355/422/320
f 281/343/247 356/471/358 415/470/357
f 415/470/357 255/472/359 338/445/341
f 356/471/358 337/473/360 255/472/359
f 220/350/254 416/474/361 356/471/358
f 280/349/253 357/475/362 416/474/361
f 416/474/361 261/476/363 337/473/360
f 250/447/343 417/477/364 332/478/365
f 255/472/359 417/477/364 346/446/342
f 337/473/360 358/479/366 417/477/364
f 332/478/365 358/479/366 260/480/367
f 225/469/258 418/481/368 285/482/260
f 351/468/356 332/478/365 418/481/368
f 418/481/368 260/480/367 359/483/369
f 285/482/260 359/483/369 233/484/370
f 243/402/302 401/408/306 319/393/294
f 377/453/348 367/485/371 419/486/372
f 419/486/372 239/360/264 330/398/299
f 238/363/267 420/487/373 313/366/270
f 363/488/374 360/489/375 420/487/373
f 420/487/373 262/448/344 365/490/376
f 313/366/270 365/490/376 241/409/307
f 263/491/377 421/492/378 360/489/375
f 264/493/379 421/494/378 361/495/380
f 362/496/381 366/497/382 421/494/378
f 360/489/375 366/498/382 262/448/344
f 364/499/383 362/496/381 264/493/379
f 240/380/281 422/500/384 364/499/383
f 312/379/280 367/485/371 422/500/384
f 422/500/384 265/452/347 362/496/381
f 372/501/385 376/502/386 268/503/387
f 246/386/287 423/504/388 372/501/385
f 331/385/286 352/410/308 423/504/388
f 423/504/388 259/412/310 376/502/386
f 266/505/389 424/506/390 375/426/323
f 268/503/387 424/506/390 370/507/391
f 376/502/386 342/432/328 424/506/390
f 375/426/323 342/432/328 254/427/324
f 369/508/392 266/505/389 368/404/303
f 267/509/393 370/507/391 266/505/389
f 425/510/394 267/511/395 369/407/305
f 374/450/346 371/512/396 267/511/395
f 370/507/391 269/513/397 268/503/387
f 268/503/387 373/514/398 372/501/385
f 377/453/348 371/515/396 410/451/345
f 269/516/399 419/486/372 373/517/400
f 372/501/385 247/396/297 246/386/287
f 330/398/299 373/517/400 419/486/372
f 241/409/307 425/510/394 324/394/295
f 365/490/376 374/450/346 425/510/394
f 242/299/205 319/518/401 318/294/200
f 279/272/179 378/276/183 300/273/180
f 218/275/182 301/277/184 378/276/183
f 301/277/184 223/285/191 284/278/185
f 378/276/183 284/278/185 224/279/186
f 278/280/187 379/282/189 301/277/184
f 217/281/188 302/283/190 379/282/189
f 302/283/190 222/291/197 283/284/191
f 379/282/189 283/284/191 223/285/191
f 277/286/192 380/288/194 302/283/190
f 216/287/193 303/289/195 380/288/194
f 303/289/195 221/344/248 282/290/196
f 380/288/194 282/290/196 222/291/197
f 248/292/198 328/295/201 381/293/199
f 328/295/201 229/323/228 295/296/202
f 381/293/199 295/296/202 214/297/203
f 318/294/200 381/293/199 326/298/204
f 214/297/203 274/302/208 382/300/206
f 274/302/208 213/304/210 291/303/209
f 291/303/209 218/275/182 279/272/179
f 382/300/206 279/272/179 219/274/181
f 213/304/210 273/306/212 383/305/211
f 273/306/212 212/308/214 292/307/213
f 292/307/213 217/281/188 278/280/187
f 383/305/211 278/280/187 218/275/182
f 212/308/214 272/310/216 384/309/215
f 272/310/216 211/312/218 293/311/217
f 293/311/217 216/287/193 277/286/192
f 384/309/215 277/286/192 217/281/188
f 211/312/218 271/314/220 385/313/219
f 271/314/220 210/339/243 294/315/221
f 294/315/221 215/340/244 276/316/222
f 385/313/219 276/316/222 216/287/193
f 386/317/223 329/362/266 237/318/224
f 386/320/223 316/372/225 234/321/226
f 229/323/228 289/325/230 387/324/229
f 289/325/230 228/327/232 296/326/231
f 387/324/229 296/326/231 213/304/210
f 295/296/202 387/324/229 274/302/208
f 228/327/232 288/329/232 388/328/233
f 288/329/232 227/331/235 297/330/234
f 388/328/233 297/330/234 212/308/214
f 296/326/231 388/328/233 273/306/212
f 227/331/235 287/333/237 389/332/236
f 287/333/237 226/335/239 298/334/238
f 389/332/236 298/334/238 211/312/218
f 297/330/234 389/332/236 272/310/216
f 226/335/239 286/337/241 390/336/240
f 286/337/241 225/354/258 299/338/242
f 390/336/240 299/338/242 210/339/243
f 298/334/238 390/336/240 271/314/220
f 276/316/222 391/341/245 303/289/195
f 215/340/244 304/342/246 391/341/245
f 304/342/246 220/350/254 281/343/247
f 391/341/245 281/343/247 221/344/248
f 275/345/249 392/347/251 304/342/246
f 231/346/250 305/348/252 392/347/251
f 305/348/252 232/519/402 280/349/253
f 392/347/251 280/349/253 220/350/254
f 210/339/243 270/352/256 393/351/255
f 270/352/256 230/358/262 306/353/257
f 306/353/257 231/346/250 275/345/249
f 393/351/255 275/345/249 215/340/244
f 225/354/258 285/356/260 394/355/259
f 285/356/260 233/520/370 307/357/261
f 394/355/259 307/357/261 230/358/262
f 299/338/242 394/355/259 270/352/256
f 395/359/263 330/398/299 239/360/264
f 329/362/266 395/359/263 317/361/265
f 238/363/267 313/366/270 396/364/268
f 313/366/270 241/409/307 315/367/271
f 396/364/268 315/367/271 234/321/226
f 311/365/269 396/364/268 308/368/272
f 235/369/273 308/368/272 397/370/274
f 308/368/272 234/321/226 316/372/225
f 316/319/225 237/318/224 310/373/276
f 397/374/274 310/373/276 236/375/277
f 310/373/276 398/378/279 314/377/278
f 237/318/224 317/361/265 398/378/279
f 317/361/265 239/360/264 312/379/280
f 398/378/279 312/379/280 240/380/281
f 327/381/282 399/384/285 322/382/283
f 219/274/181 300/273/180 399/384/285
f 300/273/180 224/279/186 331/385/286
f 399/384/285 331/385/286 246/386/287
f 242/299/205 326/298/204 400/387/288
f 326/298/204 214/297/203 290/301/207
f 290/301/207 219/274/181 327/381/282
f 400/387/288 327/381/282 244/383/284
f 245/389/290 321/521/403 320/388/289
f 318/294/200 319/518/401 249/390/291
f 329/362/266 386/317/223 321/391/292
f 319/393/294 401/408/306 324/394/295
f 247/396/297 323/406/304 322/382/283
f 320/388/289 321/521/403 243/397/298
f 330/398/299 395/359/263 323/399/300
f 321/401/292 386/320/223 325/322/227
f 249/403/291 369/508/392 368/404/303
f 323/406/304 245/389/290 244/383/284
f 324/394/295 425/510/394 369/407/305
f 395/359/263 329/362/266 245/392/293
f 325/322/227 234/321/226 315/367/271
f 401/408/306 315/367/271 241/409/307
f 352/410/308 402/413/311 341/411/309
f 224/279/186 284/278/185 402/413/311
f 284/278/185 223/285/191 353/414/312
f 402/413/311 353/414/312 258/415/313
f 353/414/312 403/417/315 340/416/314
f 223/285/191 283/284/191 403/417/315
f 283/284/191 222/291/197 354/418/316
f 403/417/315 354/418/316 257/419/317
f 354/418/316 404/421/319 339/420/318
f 222/291/197 282/290/196 404/421/319
f 282/290/196 221/344/248 355/422/320
f 404/421/319 355/422/320 256/423/321
f 248/405/198 368/404/303 405/424/322
f 368/404/303 266/505/389 375/426/323
f 405/424/322 375/426/323 254/427/324
f 328/425/201 405/424/322 347/428/325
f 254/427/324 342/432/328 406/430/326
f 259/412/310 341/411/309 406/430/326
f 341/411/309 258/415/313 343/433/329
f 336/431/327 406/430/326 343/433/329
f 253/434/330 343/433/329 407/435/331
f 258/415/313 340/416/314 407/435/331
f 340/416/314 257/419/317 344/437/333
f 335/436/332 407/435/331 344/437/333
f 252/438/334 344/437/333 408/439/335
f 257/419/317 339/420/318 408/439/335
f 339/420/318 256/423/321 345/441/337
f 334/440/336 408/439/335 345/441/337
f 251/442/338 345/441/337 409/443/339
f 256/423/321 338/445/341 409/443/339
f 338/445/341 255/472/359 346/446/342
f 333/444/340 409/443/339 346/446/342
f 262/448/344 366/498/382 410/449/345
f 410/451/345 366/497/382 265/452/347
f 229/429/228 347/428/325 411/454/349
f 347/428/325 254/427/324 336/431/327
f 411/454/349 336/431/327 253/434/330
f 289/455/230 411/454/349 348/456/350
f 228/457/232 348/456/350 412/458/351
f 348/456/350 253/434/330 335/436/332
f 412/458/351 335/436/332 252/438/334
f 288/459/232 412/458/351 349/460/352
f 227/461/235 349/460/352 413/462/353
f 349/460/352 252/438/334 334/440/336
f 413/462/353 334/440/336 251/442/338
f 287/463/237 413/462/353 350/464/354
f 226/465/239 350/464/354 414/466/355
f 350/464/354 251/442/338 333/444/340
f 414/466/355 333/444/340 250/447/343
f 286/467/241 414/466/355 351/468/356
f 355/422/320 415/470/357 338/445/341
f 221/344/248 281/343/247 415/470/357
f 281/343/247 220/350/254 356/471/358
f 415/470/357 356/471/358 255/472/359
f 356/471/358 416/474/361 337/473/360
f 220/350/254 280/349/253 416/474/361
f 280/349/253 232/519/402 357/475/362
f 416/474/361 357/475/362 261/476/363
f 250/447/343 346/446/342 417/477/364
f 255/472/359 337/473/360 417/477/364
f 337/473/360 261/476/363 358/479/366
f 332/478/365 417/477/364 358/479/366
f 225/469/258 351/468/356 418/481/368
f 351/468/356 250/447/343 332/478/365
f 418/481/368 332/478/365 260/480/367
f 285/482/260 418/481/368 359/483/369
f 243/402/302 325/322/227 401/408/306
f 377/453/348 265/452/347 367/485/371
f 419/486/372 367/485/371 239/360/264
f 238/363/267 363/488/374 420/487/373
f 363/488/374 263/491/377 360/489/375
f 420/487/373 360/489/375 262/448/344
f 313/366/270 420/487/373 365/490/376
f 263/491/377 361/522/380 421/492/378
f 264/493/379 362/496/381 421/494/378
f 362/496/381 265/452/347 366/497/382
f 360/489/375 421/492/378 366/498/382
f 364/499/383 422/500/384 362/496/381
f 240/380/281 312/379/280 422/500/384
f 312/379/280 239/360/264 367/485/371
f 422/500/384 367/485/371 265/452/347
f 372/501/385 423/504/388 376/502/386
f 246/386/287 331/385/286 423/504/388
f 331/385/286 224/279/186 352/410/308
f 423/504/388 352/410/308 259/412/310
f 266/505/389 370/507/391 424/506/390
f 268/503/387 376/502/386 424/506/390
f 376/502/386 259/412/310 342/432/328
f 375/426/323 424/506/390 342/432/328
f 369/508/392 267/509/393 266/505/389
f 267/509/393 371/523/404 370/507/391
f 425/510/394 374/450/346 267/511/395
f 374/450/346 410/449/345 371/512/396
f 370/507/391 371/523/404 269/513/397
f 268/503/387 269/513/397 373/514/398
f 377/453/348 269/516/399 371/515/396
f 269/516/399 377/453/348 419/486/372
f 372/501/385 373/514/398 247/396/297
f 330/398/299 247/400/301 373/517/400
f 241/409/307 365/490/376 425/510/394
f 365/490/376 262/448/344 374/450/346
f 242/299/205 243/397/298 319/518/401
f 443/524/405 429/525/406 442/526/407
f 443/527/408 431/528/409 430/529/410
f 444/530/411 432/531/412 431/528/409
f 446/532/413 432/533/414 445/534/415
f 446/532/413 434/535/416 433/536/417
f 447/537/418 435/538/419 434/535/416
f 448/539/420 436/540/421 435/538/419
f 450/541/422 436/540/421 449/542/423
f 451/543/424 437/544/425 450/545/426
f 452/546/427 438/547/428 451/543/424
f 452/546/427 440/548/429 439/549/430
f 453/550/431 441/551/432 440/548/429
f 454/552/433 426/553/434 441/554/435
f 456/555/436 426/553/434 455/556/437
f 457/557/438 427/558/439 456/555/436
f 442/526/407 428/559/440 457/557/438
f 459/560/441 442/526/407 458/561/442
f 459/562/443 444/530/411 443/527/408
f 461/563/444 444/530/411 460/564/445
f 461/565/446 446/532/413 445/534/415
f 462/566/447 447/537/418 446/532/413
f 463/567/448 448/539/420 447/537/418
f 464/568/449 449/542/423 448/539/420
f 466/569/450 449/542/423 465/570/451
f 467/571/452 450/545/426 466/572/453
f 468/573/454 451/543/424 467/571/452
f 468/573/454 453/550/431 452/546/427
f 469/574/455 454/575/456 453/550/431
f 471/576/457 454/552/433 470/577/458
f 472/578/459 455/556/437 471/576/457
f 473/579/460 456/555/436 472/578/459
f 458/561/442 457/557/438 473/579/460
f 474/580/461 507/581/462 506/582/463
f 475/583/464 508/584/465 507/585/466
f 476/586/467 509/587/468 508/584/465
f 477/588/469 510/589/470 509/587/468
f 479/590/471 510/589/470 478/591/472
f 480/592/473 511/593/474 479/594/475
f 481/595/476 512/596/477 480/592/473
f 482/597/478 513/598/479 481/595/476
f 483/599/480 514/600/481 482/597/478
f 484/601/482 515/602/483 483/599/480
f 485/603/484 516/604/485 484/605/486
f 486/606/487 517/607/488 485/603/484
f 486/608/489 519/609/490 518/610/491
f 487/611/492 520/612/493 519/609/490
f 488/613/494 521/614/495 520/612/493
f 489/615/496 506/582/463 521/614/495
f 490/616/497 576/617/498 575/618/499
f 492/619/500 576/620/501 491/621/502
f 493/622/503 577/623/504 492/619/500
f 494/624/505 578/625/506 493/622/503
f 495/626/507 579/627/508 494/624/505
f 495/628/509 581/629/510 580/630/511
f 497/631/512 581/629/510 496/632/513
f 498/633/514 582/634/515 497/631/512
f 499/635/516 583/636/517 498/633/514
f 500/637/518 584/638/519 499/635/516
f 501/639/520 569/640/521 500/641/522
f 502/642/523 570/643/524 501/639/520
f 502/644/525 572/645/526 571/646/527
f 503/647/528 573/648/529 572/645/526
f 504/649/530 574/650/531 573/648/529
f 505/651/532 575/618/499 574/650/531
f 506/582/463 466/569/450 465/570/451
f 508/584/465 466/572/453 507/585/466
f 508/584/465 468/573/454 467/571/452
f 509/587/468 469/574/455 468/573/454
f 511/652/533 469/574/455 510/589/470
f 512/596/477 470/577/458 511/593/474
f 513/598/479 471/576/457 512/596/477
f 514/600/481 472/578/459 513/598/479
f 515/602/483 473/579/460 514/600/481
f 516/653/534 458/561/442 515/602/483
f 517/607/488 459/562/443 516/604/485
f 517/607/488 461/563/444 460/564/445
f 518/610/491 462/566/447 461/565/446
f 519/609/490 463/567/448 462/566/447
f 520/612/493 464/568/449 463/567/448
f 521/614/495 465/570/451 464/568/449
f 522/654/535 429/525/406 523/655/536
f 429/525/406 524/656/537 523/655/536
f 430/529/410 525/657/538 524/658/539
f 525/657/538 432/531/412 526/659/540
f 526/660/541 433/536/417 527/661/542
f 433/536/417 528/662/543 527/661/542
f 434/535/416 529/663/544 528/662/543
f 435/538/419 530/664/545 529/663/544
f 530/664/545 437/665/546 531/666/547
f 531/667/548 438/547/428 532/668/549
f 438/547/428 533/669/550 532/668/549
f 533/669/550 440/548/429 534/670/551
f 440/548/429 535/671/552 534/670/551
f 441/554/435 536/672/553 535/673/554
f 536/672/553 427/558/439 537/674/555
f 537/674/555 428/559/440 522/654/535
f 538/675/556 523/655/536 539/676/557
f 539/676/557 524/656/537 540/677/558
f 524/658/539 541/678/559 540/679/559
f 541/678/559 526/659/540 554/680/560
f 554/681/561 527/661/542 543/682/562
f 527/661/542 544/683/563 543/682/562
f 528/662/543 545/684/564 544/683/563
f 545/684/564 530/664/545 546/685/565
f 546/685/565 531/666/547 547/686/566
f 547/687/567 532/668/549 548/688/568
f 532/668/549 549/689/569 548/688/568
f 549/689/569 534/670/551 550/690/570
f 534/670/551 551/691/571 550/690/570
f 535/673/554 559/692/572 551/693/573
f 559/692/572 537/674/555 553/694/402
f 537/674/555 538/675/556 553/694/402
f 500/695/574 589/696/575 501/697/576
f 550/690/570 595/698/577 549/689/569
f 595/698/577 548/688/568 549/689/569
f 550/690/570 597/699/578 596/700/579
f 559/692/572 558/701/580 597/702/581
f 593/703/582 548/688/568 594/704/583
f 593/705/584 552/706/585 546/685/565
f 589/696/575 502/707/586 501/697/576
f 542/708/587 563/709/588 560/710/589
f 563/709/588 561/711/590 560/710/589
f 499/635/516 542/712/591 590/713/592
f 503/647/528 502/644/525 588/714/593
f 562/715/594 566/716/595 563/709/588
f 566/716/595 564/717/596 563/709/588
f 565/718/597 586/719/598 566/716/595
f 586/719/598 567/720/599 566/716/595
f 591/721/600 494/624/505 568/722/601
f 493/622/503 568/722/601 494/624/505
f 565/723/602 496/632/513 587/724/603
f 496/632/513 562/725/604 497/631/512
f 562/725/604 498/633/514 497/631/512
f 498/633/514 542/712/591 499/635/516
f 492/619/500 568/722/601 493/622/503
f 592/726/605 568/722/601 492/619/500
f 490/616/497 567/727/606 585/728/607
f 490/616/497 564/729/608 567/727/606
f 570/643/524 484/605/486 569/640/521
f 571/730/609 485/603/484 570/643/524
f 571/646/527 487/611/492 486/608/489
f 572/645/526 488/613/494 487/611/492
f 573/648/529 489/615/496 488/613/494
f 574/650/531 474/580/461 489/615/496
f 575/618/499 475/731/610 474/580/461
f 576/620/501 476/586/467 475/583/464
f 577/623/504 477/588/469 476/586/467
f 578/625/506 478/591/472 477/588/469
f 580/732/611 478/591/472 579/627/508
f 581/629/510 479/594/475 580/630/511
f 582/634/515 480/592/473 581/629/510
f 583/636/517 481/595/476 582/634/515
f 584/638/519 482/597/478 583/636/517
f 569/733/612 483/599/480 584/638/519
f 504/649/530 564/729/608 505/651/532
f 561/734/613 504/649/530 503/647/528
f 496/632/513 495/628/509 587/724/603
f 491/735/614 490/616/497 585/728/607
f 592/736/615 585/737/616 586/719/598
f 586/719/598 587/738/617 591/739/618
f 589/696/575 561/711/590 588/740/619
f 542/708/587 589/696/575 590/741/620
f 587/742/621 494/624/505 591/721/600
f 568/743/622 586/719/598 591/739/618
f 592/726/605 491/621/502 585/744/623
f 568/743/622 592/736/615 586/719/598
f 500/637/518 499/635/516 590/713/592
f 561/734/613 503/647/528 588/714/593
f 552/745/624 594/704/583 557/746/625
f 556/747/626 594/704/583 595/698/577
f 596/700/579 556/747/626 595/698/577
f 596/700/579 558/748/627 555/749/628
f 547/686/566 593/705/584 546/685/565
f 551/693/573 559/692/572 597/702/581
f 601/750/629 615/751/630 614/752/631
f 615/753/632 603/754/633 616/755/634
f 616/755/634 604/756/635 617/757/636
f 604/758/637 618/759/638 617/760/639
f 618/759/638 606/761/640 619/762/641
f 619/762/641 607/763/642 620/764/643
f 620/764/643 608/765/644 621/766/645
f 608/765/644 622/767/646 621/766/645
f 609/768/647 623/769/648 622/770/649
f 610/771/650 624/772/651 623/769/648
f 624/772/651 612/773/652 625/774/653
f 625/774/653 613/775/654 626/776/655
f 626/777/656 598/778/657 627/779/658
f 598/778/657 628/780/659 627/779/658
f 599/781/660 629/782/661 628/780/659
f 600/783/662 614/752/631 629/782/661
f 614/752/631 631/784/663 630/785/664
f 631/786/665 616/755/634 632/787/666
f 616/755/634 633/788/667 632/787/666
f 633/789/668 618/759/638 634/790/669
f 634/790/669 619/762/641 635/791/670
f 635/791/670 620/764/643 636/792/671
f 636/792/671 621/766/645 637/793/672
f 621/766/645 638/794/673 637/793/672
f 622/770/649 639/795/674 638/796/675
f 623/769/648 640/797/676 639/795/674
f 640/797/676 625/774/653 641/798/677
f 641/798/677 626/776/655 642/799/678
f 626/777/656 643/800/679 642/801/680
f 627/779/658 644/802/681 643/800/679
f 628/780/659 645/803/682 644/802/681
f 629/782/661 630/785/664 645/803/682
f 646/804/683 679/805/684 647/806/685
f 647/807/686 680/808/687 648/809/688
f 648/809/688 681/810/689 649/811/690
f 649/811/690 682/812/691 650/813/692
f 682/812/691 651/814/693 650/813/692
f 683/815/694 652/816/695 651/817/696
f 684/818/697 653/819/698 652/816/695
f 685/820/699 654/821/700 653/819/698
f 686/822/701 655/823/702 654/821/700
f 687/824/703 656/825/704 655/823/702
f 688/826/705 657/827/706 656/828/707
f 689/829/708 658/830/709 657/827/706
f 658/831/710 691/832/711 659/833/712
f 659/833/712 692/834/713 660/835/714
f 660/835/714 693/836/715 661/837/716
f 661/837/716 678/838/717 646/804/683
f 662/839/718 732/840/719 663/841/720
f 732/842/721 664/843/722 663/844/723
f 733/845/724 665/846/725 664/843/722
f 734/847/726 666/848/727 665/846/725
f 735/849/728 667/850/729 666/848/727
f 667/851/730 737/852/731 668/853/732
f 737/852/731 669/854/733 668/853/732
f 738/855/734 670/856/735 669/854/733
f 739/857/736 671/858/737 670/856/735
f 740/859/738 672/860/739 671/858/737
f 725/861/740 673/862/741 672/863/742
f 726/864/743 674/865/744 673/862/741
f 674/866/745 728/867/746 675/868/747
f 675/868/747 729/869/748 676/870/749
f 676/870/749 730/871/750 677/872/751
f 677/872/751 731/873/752 662/839/718
f 678/838/717 638/794/673 679/805/684
f 638/796/675 680/808/687 679/874/753
f 680/808/687 640/797/676 681/810/689
f 681/810/689 641/798/677 682/812/691
f 641/798/677 683/875/754 682/812/691
f 642/801/680 684/818/697 683/815/694
f 643/800/679 685/820/699 684/818/697
f 644/802/681 686/822/701 685/820/699
f 645/803/682 687/824/703 686/822/701
f 630/785/664 688/876/755 687/824/703
f 631/786/665 689/829/708 688/826/705
f 689/829/708 633/788/667 690/877/756
f 690/878/757 634/790/669 691/832/711
f 691/832/711 635/791/670 692/834/713
f 692/834/713 636/792/671 693/836/715
f 693/836/715 637/793/672 678/838/717
f 694/879/758 601/750/629 600/783/662
f 696/880/759 601/750/629 695/881/760
f 697/882/761 602/883/762 696/884/763
f 697/882/761 604/756/635 603/754/633
f 698/885/764 605/886/765 604/758/637
f 700/887/766 605/886/765 699/888/767
f 701/889/768 606/761/640 700/887/766
f 702/890/769 607/763/642 701/889/768
f 702/890/769 609/891/770 608/765/644
f 703/892/771 610/771/650 609/768/647
f 705/893/772 610/771/650 704/894/773
f 705/893/772 612/773/652 611/895/774
f 707/896/775 612/773/652 706/897/776
f 708/898/777 613/899/778 707/900/779
f 708/898/777 599/781/660 598/778/657
f 709/901/780 600/783/662 599/781/660
f 538/675/556 695/881/760 694/879/758
f 539/676/557 696/880/759 695/881/760
f 541/678/559 696/884/763 540/679/559
f 541/678/559 698/902/781 697/882/761
f 554/681/561 699/888/767 698/885/764
f 544/683/563 699/888/767 543/682/562
f 545/684/564 700/887/766 544/683/563
f 545/684/564 702/890/769 701/889/768
f 546/685/565 703/903/782 702/890/769
f 711/904/783 704/894/773 703/892/771
f 713/905/784 704/894/773 712/906/785
f 713/905/784 706/897/776 705/893/772
f 715/907/786 706/897/776 714/908/787
f 559/692/572 707/900/779 715/909/788
f 559/692/572 709/901/780 708/898/777
f 538/675/556 709/901/780 553/694/402
f 672/910/789 745/911/790 746/912/791
f 714/908/787 751/913/792 752/914/793
f 751/913/792 712/906/785 750/915/794
f 714/908/787 753/916/795 715/907/786
f 559/692/572 753/917/796 558/701/580
f 712/906/785 749/918/797 750/915/794
f 749/919/798 546/685/565 552/706/585
f 674/920/799 745/911/790 673/921/800
f 719/922/801 710/923/802 716/924/803
f 719/922/801 717/925/804 720/926/805
f 671/858/737 746/927/806 710/928/807
f 675/868/747 744/929/808 674/866/745
f 718/930/809 722/931/810 721/932/811
f 720/926/805 722/931/810 719/922/801
f 742/933/812 721/932/811 722/931/810
f 742/933/812 723/934/813 741/935/814
f 747/936/815 724/937/816 666/848/727
f 665/846/725 666/848/727 724/937/816
f 721/938/817 743/939/818 668/853/732
f 668/853/732 718/940/819 721/938/817
f 670/856/735 718/940/819 669/854/733
f 670/856/735 671/858/737 710/928/807
f 664/843/722 665/846/725 724/937/816
f 748/941/820 664/843/722 724/937/816
f 662/839/718 741/942/821 723/943/822
f 720/944/823 662/839/718 723/943/822
f 656/828/707 726/864/743 725/861/740
f 657/827/706 727/945/824 726/864/743
f 727/946/825 659/833/712 728/867/746
f 728/867/746 660/835/714 729/869/748
f 729/869/748 661/837/716 730/871/750
f 730/871/750 646/804/683 731/873/752
f 731/873/752 647/806/685 732/840/719
f 732/842/721 648/809/688 733/845/724
f 733/845/724 649/811/690 734/847/726
f 734/847/726 650/813/692 735/849/728
f 650/813/692 736/947/826 735/849/728
f 651/817/696 737/852/731 736/948/827
f 652/816/695 738/855/734 737/852/731
f 653/819/698 739/857/736 738/855/734
f 654/821/700 740/859/738 739/857/736
f 655/823/702 725/949/828 740/859/738
f 676/870/749 720/944/823 717/950/829
f 717/950/829 675/868/747 676/870/749
f 668/853/732 743/939/818 667/851/730
f 663/841/720 741/942/821 662/839/718
f 748/951/830 742/933/812 741/935/814
f 742/933/812 747/952/831 743/953/832
f 745/911/790 717/925/804 716/924/803
f 745/911/790 710/923/802 746/912/791
f 743/954/833 666/848/727 667/850/729
f 724/955/834 747/952/831 742/933/812
f 663/844/723 748/941/820 741/956/835
f 724/955/834 742/933/812 748/951/830
f 672/860/739 746/927/806 671/858/737
f 717/950/829 744/929/808 675/868/747
f 750/915/794 552/957/836 557/958/837
f 556/959/838 750/915/794 557/958/837
f 752/914/793 556/959/838 555/960/839
f 752/914/793 558/961/840 753/916/795
f 711/962/841 546/685/565 749/919/798
f 715/909/788 753/917/796 559/692/572
f 443/524/405 430/963/842 429/525/406
f 443/527/408 444/530/411 431/528/409
f 444/530/411 445/964/843 432/531/412
f 446/532/413 433/536/417 432/533/414
f 446/532/413 447/537/418 434/535/416
f 447/537/418 448/539/420 435/538/419
f 448/539/420 449/542/423 436/540/421
f 450/541/422 437/665/546 436/540/421
f 451/543/424 438/547/428 437/544/425
f 452/546/427 439/549/430 438/547/428
f 452/546/427 453/550/431 440/548/429
f 453/550/431 454/575/456 441/551/432
f 454/552/433 455/556/437 426/553/434
f 456/555/436 427/558/439 426/553/434
f 457/557/438 428/559/440 427/558/439
f 442/526/407 429/525/406 428/559/440
f 459/560/441 443/524/405 442/526/407
f 459/562/443 460/564/445 444/530/411
f 461/563/444 445/964/843 444/530/411
f 461/565/446 462/566/447 446/532/413
f 462/566/447 463/567/448 447/537/418
f 463/567/448 464/568/449 448/539/420
f 464/568/449 465/570/451 449/542/423
f 466/569/450 450/541/422 449/542/423
f 467/571/452 451/543/424 450/545/426
f 468/573/454 452/546/427 451/543/424
f 468/573/454 469/574/455 453/550/431
f 469/574/455 470/965/844 454/575/456
f 471/576/457 455/556/437 454/552/433
f 472/578/459 456/555/436 455/556/437
f 473/579/460 457/557/438 456/555/436
f 458/561/442 442/526/407 457/557/438
f 474/580/461 475/731/610 507/581/462
f 475/583/464 476/586/467 508/584/465
f 476/586/467 477/588/469 509/587/468
f 477/588/469 478/591/472 510/589/470
f 479/590/471 511/652/533 510/589/470
f 480/592/473 512/596/477 511/593/474
f 481/595/476 513/598/479 512/596/477
f 482/597/478 514/600/481 513/598/479
f 483/599/480 515/602/483 514/600/481
f 484/601/482 516/653/534 515/602/483
f 485/603/484 517/607/488 516/604/485
f 486/606/487 518/966/845 517/607/488
f 486/608/489 487/611/492 519/609/490
f 487/611/492 488/613/494 520/612/493
f 488/613/494 489/615/496 521/614/495
f 489/615/496 474/580/461 506/582/463
f 490/616/497 491/735/614 576/617/498
f 492/619/500 577/623/504 576/620/501
f 493/622/503 578/625/506 577/623/504
f 494/624/505 579/627/508 578/625/506
f 495/626/507 580/732/611 579/627/508
f 495/628/509 496/632/513 581/629/510
f 497/631/512 582/634/515 581/629/510
f 498/633/514 583/636/517 582/634/515
f 499/635/516 584/638/519 583/636/517
f 500/637/518 569/733/612 584/638/519
f 501/639/520 570/643/524 569/640/521
f 502/642/523 571/730/609 570/643/524
f 502/644/525 503/647/528 572/645/526
f 503/647/528 504/649/530 573/648/529
f 504/649/530 505/651/532 574/650/531
f 505/651/532 490/616/497 575/618/499
f 506/582/463 507/581/462 466/569/450
f 508/584/465 467/571/452 466/572/453
f 508/584/465 509/587/468 468/573/454
f 509/587/468 510/589/470 469/574/455
f 511/652/533 470/965/844 469/574/455
f 512/596/477 471/576/457 470/577/458
f 513/598/479 472/578/459 471/576/457
f 514/600/481 473/579/460 472/578/459
f 515/602/483 458/561/442 473/579/460
f 516/653/534 459/560/441 458/561/442
f 517/607/488 460/564/445 459/562/443
f 517/607/488 518/966/845 461/563/444
f 518/610/491 519/609/490 462/566/447
f 519/609/490 520/612/493 463/567/448
f 520/612/493 521/614/495 464/568/449
f 521/614/495 506/582/463 465/570/451
f 522/654/535 428/559/440 429/525/406
f 429/525/406 430/963/842 524/656/537
f 430/529/410 431/528/409 525/657/538
f 525/657/538 431/528/409 432/531/412
f 526/660/541 432/533/414 433/536/417
f 433/536/417 434/535/416 528/662/543
f 434/535/416 435/538/419 529/663/544
f 435/538/419 436/540/421 530/664/545
f 530/664/545 436/540/421 437/665/546
f 531/667/548 437/544/425 438/547/428
f 438/547/428 439/549/430 533/669/550
f 533/669/550 439/549/430 440/548/429
f 440/548/429 441/551/432 535/671/552
f 441/554/435 426/553/434 536/672/553
f 536/672/553 426/553/434 427/558/439
f 537/674/555 427/558/439 428/559/440
f 538/675/556 522/654/535 523/655/536
f 539/676/557 523/655/536 524/656/537
f 524/658/539 525/657/538 541/678/559
f 541/678/559 525/657/538 526/659/540
f 554/681/561 526/660/541 527/661/542
f 527/661/542 528/662/543 544/683/563
f 528/662/543 529/663/544 545/684/564
f 545/684/564 529/663/544 530/664/545
f 546/685/565 530/664/545 531/666/547
f 547/687/567 531/667/548 532/668/549
f 532/668/549 533/669/550 549/689/569
f 549/689/569 533/669/550 534/670/551
f 534/670/551 535/671/552 551/691/571
f 535/673/554 536/672/553 559/692/572
f 559/692/572 536/672/553 537/674/555
f 537/674/555 522/654/535 538/675/556
f 500/695/574 590/741/620 589/696/575
f 550/690/570 596/700/579 595/698/577
f 595/698/577 594/704/583 548/688/568
f 550/690/570 551/691/571 597/699/578
f 593/703/582 547/687/567 548/688/568
f 589/696/575 588/740/619 502/707/586
f 542/708/587 562/715/594 563/709/588
f 563/709/588 564/717/596 561/711/590
f 562/715/594 565/718/597 566/716/595
f 566/716/595 567/720/599 564/717/596
f 565/718/597 587/738/617 586/719/598
f 586/719/598 585/737/616 567/720/599
f 496/632/513 565/723/602 562/725/604
f 562/725/604 542/712/591 498/633/514
f 490/616/497 505/651/532 564/729/608
f 570/643/524 485/603/484 484/605/486
f 571/730/609 486/606/487 485/603/484
f 571/646/527 572/645/526 487/611/492
f 572/645/526 573/648/529 488/613/494
f 573/648/529 574/650/531 489/615/496
f 574/650/531 575/618/499 474/580/461
f 575/618/499 576/617/498 475/731/610
f 576/620/501 577/623/504 476/586/467
f 577/623/504 578/625/506 477/588/469
f 578/625/506 579/627/508 478/591/472
f 580/732/611 479/590/471 478/591/472
f 581/629/510 480/592/473 479/594/475
f 582/634/515 481/595/476 480/592/473
f 583/636/517 482/597/478 481/595/476
f 584/638/519 483/599/480 482/597/478
f 569/733/612 484/601/482 483/599/480
f 504/649/530 561/734/613 564/729/608
f 589/696/575 560/710/589 561/711/590
f 542/708/587 560/710/589 589/696/575
f 587/742/621 495/626/507 494/624/505
f 592/726/605 492/619/500 491/621/502
f 552/745/624 593/703/582 594/704/583
f 556/747/626 557/746/625 594/704/583
f 596/700/579 555/749/628 556/747/626
f 596/700/579 597/699/578 558/748/627
f 601/750/629 602/967/846 615/751/630
f 615/753/632 602/883/762 603/754/633
f 616/755/634 603/754/633 604/756/635
f 604/758/637 605/886/765 618/759/638
f 618/759/638 605/886/765 606/761/640
f 619/762/641 606/761/640 607/763/642
f 620/764/643 607/763/642 608/765/644
f 608/765/644 609/891/770 622/767/646
f 609/768/647 610/771/650 623/769/648
f 610/771/650 611/895/774 624/772/651
f 624/772/651 611/895/774 612/773/652
f 625/774/653 612/773/652 613/775/654
f 626/777/656 613/899/778 598/778/657
f 598/778/657 599/781/660 628/780/659
f 599/781/660 600/783/662 629/782/661
f 600/783/662 601/750/629 614/752/631
f 614/752/631 615/751/630 631/784/663
f 631/786/665 615/753/632 616/755/634
f 616/755/634 617/757/636 633/788/667
f 633/789/668 617/760/639 618/759/638
f 634/790/669 618/759/638 619/762/641
f 635/791/670 619/762/641 620/764/643
f 636/792/671 620/764/643 621/766/645
f 621/766/645 622/767/646 638/794/673
f 622/770/649 623/769/648 639/795/674
f 623/769/648 624/772/651 640/797/676
f 640/797/676 624/772/651 625/774/653
f 641/798/677 625/774/653 626/776/655
f 626/777/656 627/779/658 643/800/679
f 627/779/658 628/780/659 644/802/681
f 628/780/659 629/782/661 645/803/682
f 629/782/661 614/752/631 630/785/664
f 646/804/683 678/838/717 679/805/684
f 647/807/686 679/874/753 680/808/687
f 648/809/688 680/808/687 681/810/689
f 649/811/690 681/810/689 682/812/691
f 682/812/691 683/875/754 651/814/693
f 683/815/694 684/818/697 652/816/695
f 684/818/697 685/820/699 653/819/698
f 685/820/699 686/822/701 654/821/700
f 686/822/701 687/824/703 655/823/702
f 687/824/703 688/876/755 656/825/704
f 688/826/705 689/829/708 657/827/706
f 689/829/708 690/877/756 658/830/709
f 658/831/710 690/878/757 691/832/711
f 659/833/712 691/832/711 692/834/713
f 660/835/714 692/834/713 693/836/715
f 661/837/716 693/836/715 678/838/717
f 662/839/718 731/873/752 732/840/719
f 732/842/721 733/845/724 664/843/722
f 733/845/724 734/847/726 665/846/725
f 734/847/726 735/849/728 666/848/727
f 735/849/728 736/947/826 667/850/729
f 667/851/730 736/948/827 737/852/731
f 737/852/731 738/855/734 669/854/733
f 738/855/734 739/857/736 670/856/735
f 739/857/736 740/859/738 671/858/737
f 740/859/738 725/949/828 672/860/739
f 725/861/740 726/864/743 673/862/741
f 726/864/743 727/945/824 674/865/744
f 674/866/745 727/946/825 728/867/746
f 675/868/747 728/867/746 729/869/748
f 676/870/749 729/869/748 730/871/750
f 677/872/751 730/871/750 731/873/752
f 678/838/717 637/793/672 638/794/673
f 638/796/675 639/795/674 680/808/687
f 680/808/687 639/795/674 640/797/676
f 681/810/689 640/797/676 641/798/677
f 641/798/677 642/799/678 683/875/754
f 642/801/680 643/800/679 684/818/697
f 643/800/679 644/802/681 685/820/699
f 644/802/681 645/803/682 686/822/701
f 645/803/682 630/785/664 687/824/703
f 630/785/664 631/784/663 688/876/755
f 631/786/665 632/787/666 689/829/708
f 689/829/708 632/787/666 633/788/667
f 690/878/757 633/789/668 634/790/669
f 691/832/711 634/790/669 635/791/670
f 692/834/713 635/791/670 636/792/671
f 693/836/715 636/792/671 637/793/672
f 694/879/758 695/881/760 601/750/629
f 696/880/759 602/967/846 601/750/629
f 697/882/761 603/754/633 602/883/762
f 697/882/761 698/902/781 604/756/635
f 698/885/764 699/888/767 605/886/765
f 700/887/766 606/761/640 605/886/765
f 701/889/768 607/763/642 606/761/640
f 702/890/769 608/765/644 607/763/642
f 702/890/769 703/903/782 609/891/770
f 703/892/771 704/894/773 610/771/650
f 705/893/772 611/895/774 610/771/650
f 705/893/772 706/897/776 612/773/652
f 707/896/775 613/775/654 612/773/652
f 708/898/777 598/778/657 613/899/778
f 708/898/777 709/901/780 599/781/660
f 709/901/780 694/879/758 600/783/662
f 538/675/556 539/676/557 695/881/760
f 539/676/557 540/677/558 696/880/759
f 541/678/559 697/882/761 696/884/763
f 541/678/559 554/680/560 698/902/781
f 554/681/561 543/682/562 699/888/767
f 544/683/563 700/887/766 699/888/767
f 545/684/564 701/889/768 700/887/766
f 545/684/564 546/685/565 702/890/769
f 546/685/565 711/962/841 703/903/782
f 711/904/783 712/906/785 704/894/773
f 713/905/784 705/893/772 704/894/773
f 713/905/784 714/908/787 706/897/776
f 715/907/786 707/896/775 706/897/776
f 559/692/572 708/898/777 707/900/779
f 559/692/572 553/694/402 709/901/780
f 538/675/556 694/879/758 709/901/780
f 672/910/789 673/921/800 745/911/790
f 714/908/787 713/905/784 751/913/792
f 751/913/792 713/905/784 712/906/785
f 714/908/787 752/914/793 753/916/795
f 712/906/785 711/904/783 749/918/797
f 674/920/799 744/968/847 745/911/790
f 719/922/801 718/930/809 710/923/802
f 719/922/801 716/924/803 717/925/804
f 718/930/809 719/922/801 722/931/810
f 720/926/805 723/934/813 722/931/810
f 742/933/812 743/953/832 721/932/811
f 742/933/812 722/931/810 723/934/813
f 668/853/732 669/854/733 718/940/819
f 670/856/735 710/928/807 718/940/819
f 720/944/823 677/872/751 662/839/718
f 656/828/707 657/827/706 726/864/743
f 657/827/706 658/830/709 727/945/824
f 727/946/825 658/831/710 659/833/712
f 728/867/746 659/833/712 660/835/714
f 729/869/748 660/835/714 661/837/716
f 730/871/750 661/837/716 646/804/683
f 731/873/752 646/804/683 647/806/685
f 732/842/721 647/807/686 648/809/688
f 733/845/724 648/809/688 649/811/690
f 734/847/726 649/811/690 650/813/692
f 650/813/692 651/814/693 736/947/826
f 651/817/696 652/816/695 737/852/731
f 652/816/695 653/819/698 738/855/734
f 653/819/698 654/821/700 739/857/736
f 654/821/700 655/823/702 740/859/738
f 655/823/702 656/825/704 725/949/828
f 676/870/749 677/872/751 720/944/823
f 745/911/790 744/968/847 717/925/804
f 745/911/790 716/924/803 710/923/802
f 743/954/833 747/936/815 666/848/727
f 663/844/723 664/843/722 748/941/820
f 750/915/794 749/918/797 552/957/836
f 556/959/838 751/913/792 750/915/794
f 752/914/793 751/913/792 556/959/838
f 752/914/793 555/960/839 558/961/840
f 775/969/848 781/970/849 777/971/850
f 782/972/851 781/970/849 785/973/852
f 769/974/853 928/975/854 929/976/855
f 801/977/856 756/978/857 799/979/858
f 805/980/859 757/981/860 802/982/861
f 799/979/858 797/983/862 801/977/856
f 790/984/863 797/983/862 793/985/864
f 807/986/865 762/987/866 918/988/867
f 853/989/868 923/990/869 920/991/870
f 770/992/871 777/971/850 773/993/872
f 792/994/873 796/995/874 790/984/863
f 778/996/875 785/973/852 781/970/849
f 780/997/876 784/998/877 779/999/878
f 791/1000/879 773/993/872 793/985/864
f 779/999/878 774/1001/880 780/997/876
f 771/1002/881 790/984/863 772/1003/882
f 803/1004/883 763/1005/884 804/1006/885
f 796/995/874 801/977/856 797/983/862
f 788/1007/886 761/1008/887 787/1009/888
f 783/1010/889 789/1011/890 785/973/852
f 787/1009/888 782/972/851 788/1007/886
f 822/1012/891 823/1013/892 825/1014/893
f 788/1007/886 785/973/852 789/1011/890
f 795/1015/894 841/1016/895 800/1017/896
f 838/1018/897 837/1019/898 836/1020/899
f 780/997/876 777/971/850 781/970/849
f 772/1003/882 793/985/864 773/993/872
f 803/1004/883 767/1021/900 805/980/859
f 798/1022/901 768/1023/902 801/977/856
f 927/1024/903 769/974/853 929/976/855
f 772/1003/882 776/1025/904 771/1002/881
f 764/1026/905 926/1027/906 924/1028/907
f 760/1029/908 800/1017/896 763/1005/884
f 758/1030/909 789/1011/890 766/1031/910
f 766/1031/910 786/1032/911 755/1033/912
f 759/1034/913 804/1006/885 762/987/866
f 760/1029/908 805/980/859 768/1023/902
f 824/1035/914 828/1036/915 826/1037/916
f 768/1023/902 802/982/861 756/978/857
f 759/1034/913 808/1038/917 767/1021/900
f 767/1021/900 806/1039/918 757/981/860
f 828/1036/915 829/1040/919 831/1041/920
f 931/1042/921 819/1043/922 932/1044/923
f 843/1045/924 811/1046/925 818/1047/926
f 846/1048/927 812/1049/928 817/1050/929
f 842/1051/930 840/1052/931 838/1018/897
f 840/1052/931 835/1053/932 837/1019/898
f 938/1054/884 930/1055/933 765/1056/934
f 765/1056/934 924/1028/907 769/974/853
f 820/1057/935 825/1014/893 824/1035/914
f 792/994/873 839/1058/936 795/1015/894
f 826/1037/916 831/1041/920 830/1059/937
f 827/1060/938 784/998/877 829/1040/919
f 836/1020/899 822/1012/891 820/1057/935
f 779/999/878 823/1013/892 776/1025/904
f 771/1002/881 835/1053/932 792/994/873
f 845/1061/939 763/1005/884 815/1062/940
f 843/1045/924 839/1058/936 840/1052/931
f 833/1063/941 761/1008/887 813/1064/942
f 830/1059/937 834/1065/943 832/1066/944
f 787/1009/888 829/1040/919 784/998/877
f 863/1067/945 864/1068/946 866/1069/947
f 831/1041/920 833/1063/941 834/1065/943
f 879/1070/948 882/1071/949 883/1072/950
f 794/1073/951 878/1074/952 791/1075/953
f 825/1014/893 827/1060/938 828/1036/915
f 837/1019/898 821/1076/954 822/1012/891
f 845/1061/939 817/1050/929 814/1077/955
f 841/1016/895 818/1047/926 815/1062/940
f 930/1055/933 819/1043/922 765/1056/934
f 821/1076/954 776/1025/904 823/1013/892
f 764/1026/905 922/1078/956 921/1079/957
f 815/1062/940 800/1017/896 841/1016/895
f 813/1064/942 834/1065/943 833/1063/941
f 816/1080/958 832/1066/944 834/1065/943
f 814/1077/955 804/1006/885 845/1061/939
f 815/1062/940 846/1048/927 845/1061/939
f 775/1081/959 869/1082/960 778/1083/961
f 818/1047/926 844/1084/962 846/1048/927
f 814/1077/955 849/1085/963 848/1086/964
f 817/1050/929 847/1087/965 849/1085/963
f 869/1082/960 870/1088/966 872/1089/967
f 928/1090/968 860/1091/969 934/1092/970
f 884/1093/971 756/1094/972 859/1095/973
f 887/1096/974 757/1097/975 858/1098/976
f 799/1099/977 881/1100/978 794/1073/951
f 881/1100/978 876/1101/979 878/1074/952
f 937/1102/980 933/1103/981 853/989/868
f 853/989/868 925/1104/982 896/1105/983
f 770/1106/984 866/1069/947 775/1081/959
f 877/1107/985 880/1108/986 879/1070/948
f 778/1083/961 872/1089/967 783/1109/987
f 868/1110/988 871/1111/989 870/1088/966
f 791/1075/953 863/1067/945 770/1106/984
f 867/1112/990 864/1068/946 865/1113/991
f 861/1114/992 876/1101/979 877/1107/985
f 885/1115/993 856/1116/980 852/1117/994
f 884/1093/971 880/1108/986 881/1100/978
f 874/1118/995 854/1119/996 850/1120/997
f 783/1109/987 875/1121/998 786/1122/999
f 873/1123/1000 870/1088/966 871/1111/989
f 899/1124/1001 898/1125/1002 900/1126/1003
f 872/1089/967 874/1118/995 875/1121/998
f 879/1070/948 911/1127/1004 909/1128/1005
f 838/1129/1006 908/1130/1007 910/1131/1008
f 866/1069/947 868/1110/988 869/1082/960
f 878/1074/952 862/1132/1009 863/1067/945
f 885/1115/993 858/1098/976 851/1133/1010
f 882/1071/949 859/1095/973 852/1117/994
f 933/1103/981 860/1091/969 853/989/868
f 862/1132/1009 865/1113/991 864/1068/946
f 764/1134/1011 923/990/869 926/1135/1012
f 852/1117/994 883/1072/950 882/1071/949
f 850/1120/997 875/1121/998 874/1118/995
f 857/1136/1013 786/1122/999 875/1121/998
f 851/1133/1010 886/1137/1014 885/1115/993
f 852/1117/994 887/1096/974 885/1115/993
f 824/1138/1015 902/1139/1016 900/1126/1003
f 859/1095/973 802/1140/1017 887/1096/974
f 851/1133/1010 889/1141/1018 888/1142/1019
f 858/1098/976 806/1143/1020 889/1141/1018
f 903/1144/1021 902/1139/1016 904/1145/1022
f 896/1105/983 931/1146/1023 936/1147/1024
f 912/1148/1025 811/1149/1026 842/1150/1027
f 914/1151/1028 812/1152/1029 844/1153/1030
f 842/1150/1027 910/1131/1008 912/1148/1025
f 907/1154/1031 910/1131/1008 908/1130/1007
f 915/1155/1032 855/1156/1033 917/1157/1034
f 765/1056/934 922/1078/956 919/1158/1035
f 820/1159/1036 900/1126/1003 898/1125/1002
f 877/1107/985 909/1128/1005 907/1154/1031
f 826/1160/1037 904/1145/1022 902/1139/1016
f 901/1161/1038 871/1111/989 867/1112/990
f 836/1162/1039 898/1125/1002 908/1130/1007
f 867/1112/990 899/1124/1001 901/1161/1038
f 861/1114/992 907/1154/1031 897/1163/1040
f 913/1164/1041 856/1116/980 886/1137/1014
f 909/1128/1005 912/1148/1025 910/1131/1008
f 905/1165/1042 854/1119/996 873/1123/1000
f 830/1166/1043 906/1167/1044 904/1145/1022
f 873/1123/1000 903/1144/1021 905/1165/1042
f 794/1168/1045 793/985/864 797/983/862
f 905/1165/1042 904/1145/1022 906/1167/1044
f 795/1015/894 798/1022/901 796/995/874
f 901/1161/1038 900/1126/1003 902/1139/1016
f 897/1163/1040 908/1130/1007 898/1125/1002
f 913/1164/1041 894/1169/1046 914/1151/1028
f 911/1127/1004 895/1170/1047 912/1148/1025
f 935/1171/1048 896/1105/983 936/1147/1024
f 897/1163/1040 865/1113/991 861/1114/992
f 764/1134/1011 921/1172/1049 925/1104/982
f 892/1173/1050 883/1072/950 856/1116/980
f 890/1174/1051 906/1167/1044 893/1175/1052
f 893/1175/1052 832/1176/1053 810/1177/1054
f 891/1178/1055 886/1137/1014 855/1156/1033
f 892/1173/1050 914/1151/1028 895/1170/1047
f 895/1170/1047 844/1153/1030 811/1149/1026
f 891/1178/1055 916/1179/1056 894/1169/1046
f 894/1169/1046 847/1180/1057 812/1152/1029
f 774/1001/880 773/993/872 777/971/850
f 935/1171/1048 917/1157/1034 937/1102/980
f 855/1156/1033 888/1142/1019 917/1157/1034
f 762/987/866 848/1086/964 918/988/867
f 927/1024/903 918/988/867 938/1054/884
f 765/1056/934 927/1024/903 938/1054/884
f 926/1027/906 769/974/853 924/1028/907
f 925/1104/982 920/991/870 764/1134/1011
f 921/1079/957 819/1043/922 809/1181/1058
f 920/991/870 923/990/869 764/1134/1011
f 921/1172/1049 896/1105/983 925/1104/982
f 926/1135/1012 860/1091/969 754/1182/1059
f 919/1158/1035 922/1078/956 764/1026/905
f 924/1028/907 919/1158/1035 764/1026/905
f 853/989/868 935/1171/1048 937/1102/980
f 935/1171/1048 916/1179/1056 915/1155/1032
f 936/1147/1024 847/1180/1057 916/1179/1056
f 889/1141/1018 933/1103/981 888/1142/1019
f 917/1157/1034 933/1103/981 937/1102/980
f 806/1143/1020 934/1092/970 889/1141/1018
f 849/1085/963 930/1055/933 848/1086/964
f 918/988/867 930/1055/933 938/1054/884
f 847/1087/965 932/1044/923 849/1085/963
f 927/1024/903 808/1038/917 807/986/865
f 929/976/855 806/1039/918 808/1038/917
f 775/969/848 778/996/875 781/970/849
f 782/972/851 780/997/876 781/970/849
f 769/974/853 754/1183/1060 928/975/854
f 801/977/856 768/1023/902 756/978/857
f 805/980/859 767/1021/900 757/981/860
f 799/979/858 794/1168/1045 797/983/862
f 790/984/863 796/995/874 797/983/862
f 807/986/865 759/1034/913 762/987/866
f 853/989/868 860/1091/969 923/990/869
f 770/992/871 775/969/848 777/971/850
f 792/994/873 795/1015/894 796/995/874
f 778/996/875 783/1010/889 785/973/852
f 780/997/876 782/972/851 784/998/877
f 791/1000/879 770/992/871 773/993/872
f 779/999/878 776/1025/904 774/1001/880
f 771/1002/881 792/994/873 790/984/863
f 803/1004/883 760/1029/908 763/1005/884
f 796/995/874 798/1022/901 801/977/856
f 788/1007/886 758/1030/909 761/1008/887
f 783/1010/889 786/1032/911 789/1011/890
f 787/1009/888 784/998/877 782/972/851
f 822/1012/891 821/1076/954 823/1013/892
f 788/1007/886 782/972/851 785/973/852
f 795/1015/894 839/1058/936 841/1016/895
f 838/1018/897 840/1052/931 837/1019/898
f 780/997/876 774/1001/880 777/971/850
f 772/1003/882 790/984/863 793/985/864
f 803/1004/883 759/1034/913 767/1021/900
f 798/1022/901 760/1029/908 768/1023/902
f 927/1024/903 765/1056/934 769/974/853
f 772/1003/882 774/1001/880 776/1025/904
f 760/1029/908 798/1022/901 800/1017/896
f 758/1030/909 788/1007/886 789/1011/890
f 766/1031/910 789/1011/890 786/1032/911
f 759/1034/913 803/1004/883 804/1006/885
f 760/1029/908 803/1004/883 805/980/859
f 824/1035/914 825/1014/893 828/1036/915
f 768/1023/902 805/980/859 802/982/861
f 759/1034/913 807/986/865 808/1038/917
f 767/1021/900 808/1038/917 806/1039/918
f 828/1036/915 827/1060/938 829/1040/919
f 931/1042/921 809/1181/1058 819/1043/922
f 843/1045/924 842/1051/930 811/1046/925
f 846/1048/927 844/1084/962 812/1049/928
f 842/1051/930 843/1045/924 840/1052/931
f 840/1052/931 839/1058/936 835/1053/932
f 765/1056/934 919/1158/1035 924/1028/907
f 820/1057/935 822/1012/891 825/1014/893
f 792/994/873 835/1053/932 839/1058/936
f 826/1037/916 828/1036/915 831/1041/920
f 827/1060/938 779/999/878 784/998/877
f 836/1020/899 837/1019/898 822/1012/891
f 779/999/878 827/1060/938 823/1013/892
f 771/1002/881 821/1076/954 835/1053/932
f 845/1061/939 804/1006/885 763/1005/884
f 843/1045/924 841/1016/895 839/1058/936
f 833/1063/941 787/1009/888 761/1008/887
f 830/1059/937 831/1041/920 834/1065/943
f 787/1009/888 833/1063/941 829/1040/919
f 863/1067/945 862/1132/1009 864/1068/946
f 831/1041/920 829/1040/919 833/1063/941
f 879/1070/948 880/1108/986 882/1071/949
f 794/1073/951 881/1100/978 878/1074/952
f 825/1014/893 823/1013/892 827/1060/938
f 837/1019/898 835/1053/932 821/1076/954
f 845/1061/939 846/1048/927 817/1050/929
f 841/1016/895 843/1045/924 818/1047/926
f 930/1055/933 932/1044/923 819/1043/922
f 821/1076/954 771/1002/881 776/1025/904
f 815/1062/940 763/1005/884 800/1017/896
f 813/1064/942 816/1080/958 834/1065/943
f 816/1080/958 810/1184/1061 832/1066/944
f 814/1077/955 762/987/866 804/1006/885
f 815/1062/940 818/1047/926 846/1048/927
f 775/1081/959 866/1069/947 869/1082/960
f 818/1047/926 811/1046/925 844/1084/962
f 814/1077/955 817/1050/929 849/1085/963
f 817/1050/929 812/1049/928 847/1087/965
f 869/1082/960 868/1110/988 870/1088/966
f 928/1090/968 754/1182/1059 860/1091/969
f 884/1093/971 799/1099/977 756/1094/972
f 887/1096/974 802/1140/1017 757/1097/975
f 799/1099/977 884/1093/971 881/1100/978
f 881/1100/978 880/1108/986 876/1101/979
f 853/989/868 920/991/870 925/1104/982
f 770/1106/984 863/1067/945 866/1069/947
f 877/1107/985 876/1101/979 880/1108/986
f 778/1083/961 869/1082/960 872/1089/967
f 868/1110/988 867/1112/990 871/1111/989
f 791/1075/953 878/1074/952 863/1067/945
f 867/1112/990 868/1110/988 864/1068/946
f 861/1114/992 862/1132/1009 876/1101/979
f 885/1115/993 886/1137/1014 856/1116/980
f 884/1093/971 882/1071/949 880/1108/986
f 874/1118/995 873/1123/1000 854/1119/996
f 783/1109/987 872/1089/967 875/1121/998
f 873/1123/1000 874/1118/995 870/1088/966
f 899/1124/1001 897/1163/1040 898/1125/1002
f 872/1089/967 870/1088/966 874/1118/995
f 879/1070/948 883/1072/950 911/1127/1004
f 838/1129/1006 836/1162/1039 908/1130/1007
f 866/1069/947 864/1068/946 868/1110/988
f 878/1074/952 876/1101/979 862/1132/1009
f 885/1115/993 887/1096/974 858/1098/976
f 882/1071/949 884/1093/971 859/1095/973
f 933/1103/981 934/1092/970 860/1091/969
f 862/1132/1009 861/1114/992 865/1113/991
f 852/1117/994 856/1116/980 883/1072/950
f 850/1120/997 857/1136/1013 875/1121/998
f 857/1136/1013 755/1185/1062 786/1122/999
f 851/1133/1010 855/1156/1033 886/1137/1014
f 852/1117/994 859/1095/973 887/1096/974
f 824/1138/1015 826/1160/1037 902/1139/1016
f 859/1095/973 756/1094/972 802/1140/1017
f 851/1133/1010 858/1098/976 889/1141/1018
f 858/1098/976 757/1097/975 806/1143/1020
f 903/1144/1021 901/1161/1038 902/1139/1016
f 896/1105/983 809/1186/1063 931/1146/1023
f 912/1148/1025 895/1170/1047 811/1149/1026
f 914/1151/1028 894/1169/1046 812/1152/1029
f 842/1150/1027 838/1129/1006 910/1131/1008
f 907/1154/1031 909/1128/1005 910/1131/1008
f 915/1155/1032 891/1178/1055 855/1156/1033
f 765/1056/934 819/1043/922 922/1078/956
f 820/1159/1036 824/1138/1015 900/1126/1003
f 877/1107/985 879/1070/948 909/1128/1005
f 826/1160/1037 830/1166/1043 904/1145/1022
f 901/1161/1038 903/1144/1021 871/1111/989
f 836/1162/1039 820/1159/1036 898/1125/1002
f 867/1112/990 865/1113/991 899/1124/1001
f 861/1114/992 877/1107/985 907/1154/1031
f 913/1164/1041 892/1173/1050 856/1116/980
f 909/1128/1005 911/1127/1004 912/1148/1025
f 905/1165/1042 890/1174/1051 854/1119/996
f 830/1166/1043 832/1176/1053 906/1167/1044
f 873/1123/1000 871/1111/989 903/1144/1021
f 794/1168/1045 791/1000/879 793/985/864
f 905/1165/1042 903/1144/1021 904/1145/1022
f 795/1015/894 800/1017/896 798/1022/901
f 901/1161/1038 899/1124/1001 900/1126/1003
f 897/1163/1040 907/1154/1031 908/1130/1007
f 913/1164/1041 891/1178/1055 894/1169/1046
f 911/1127/1004 892/1173/1050 895/1170/1047
f 935/1171/1048 853/989/868 896/1105/983
f 897/1163/1040 899/1124/1001 865/1113/991
f 892/1173/1050 911/1127/1004 883/1072/950
f 890/1174/1051 905/1165/1042 906/1167/1044
f 893/1175/1052 906/1167/1044 832/1176/1053
f 891/1178/1055 913/1164/1041 886/1137/1014
f 892/1173/1050 913/1164/1041 914/1151/1028
f 895/1170/1047 914/1151/1028 844/1153/1030
f 891/1178/1055 915/1155/1032 916/1179/1056
f 894/1169/1046 916/1179/1056 847/1180/1057
f 774/1001/880 772/1003/882 773/993/872
f 935/1171/1048 915/1155/1032 917/1157/1034
f 855/1156/1033 851/1133/1010 888/1142/1019
f 762/987/866 814/1077/955 848/1086/964
f 927/1024/903 807/986/865 918/988/867
f 926/1027/906 754/1183/1060 769/974/853
f 921/1079/957 922/1078/956 819/1043/922
f 921/1172/1049 809/1186/1063 896/1105/983
f 926/1135/1012 923/990/869 860/1091/969
f 935/1171/1048 936/1147/1024 916/1179/1056
f 936/1147/1024 931/1146/1023 847/1180/1057
f 889/1141/1018 934/1092/970 933/1103/981
f 917/1157/1034 888/1142/1019 933/1103/981
f 806/1143/1020 928/1090/968 934/1092/970
f 849/1085/963 932/1044/923 930/1055/933
f 918/988/867 848/1086/964 930/1055/933
f 847/1087/965 931/1042/921 932/1044/923
f 927/1024/903 929/976/855 808/1038/917
f 929/976/855 928/975/854 806/1039/918
